
Feline-Invaders-b6.elf:     file format elf32-avr

Sections:
Idx Name          Size      VMA       LMA       File off  Algn
  0 .text         000012ea  00000000  00000000  00000094  2**1
                  CONTENTS, ALLOC, LOAD, READONLY, CODE
  1 .data         000000de  00800060  000012ea  0000137e  2**0
                  CONTENTS, ALLOC, LOAD, DATA
  2 .bss          00000024  0080013e  0080013e  0000145c  2**0
                  ALLOC
  3 .comment      00000030  00000000  00000000  0000145c  2**0
                  CONTENTS, READONLY
  4 .note.gnu.avr.deviceinfo 0000003c  00000000  00000000  0000148c  2**2
                  CONTENTS, READONLY
  5 .debug_aranges 00000110  00000000  00000000  000014c8  2**0
                  CONTENTS, READONLY, DEBUGGING
  6 .debug_info   000017d3  00000000  00000000  000015d8  2**0
                  CONTENTS, READONLY, DEBUGGING
  7 .debug_abbrev 000007ab  00000000  00000000  00002dab  2**0
                  CONTENTS, READONLY, DEBUGGING
  8 .debug_line   00000fad  00000000  00000000  00003556  2**0
                  CONTENTS, READONLY, DEBUGGING
  9 .debug_frame  0000030c  00000000  00000000  00004504  2**2
                  CONTENTS, READONLY, DEBUGGING
 10 .debug_str    00000672  00000000  00000000  00004810  2**0
                  CONTENTS, READONLY, DEBUGGING
 11 .debug_loc    0000080a  00000000  00000000  00004e82  2**0
                  CONTENTS, READONLY, DEBUGGING
 12 .debug_ranges 00000118  00000000  00000000  0000568c  2**0
                  CONTENTS, READONLY, DEBUGGING

Disassembly of section .text:

00000000 <__vectors>:
       0:	0c 94 3a 00 	jmp	0x74	; 0x74 <__ctors_end>
       4:	0c 94 57 00 	jmp	0xae	; 0xae <__bad_interrupt>
       8:	0c 94 57 00 	jmp	0xae	; 0xae <__bad_interrupt>
       c:	0c 94 57 00 	jmp	0xae	; 0xae <__bad_interrupt>
      10:	0c 94 88 00 	jmp	0x110	; 0x110 <__vector_4>
      14:	0c 94 57 00 	jmp	0xae	; 0xae <__bad_interrupt>
      18:	0c 94 57 00 	jmp	0xae	; 0xae <__bad_interrupt>
      1c:	0c 94 c3 01 	jmp	0x386	; 0x386 <__vector_7>
      20:	0c 94 57 00 	jmp	0xae	; 0xae <__bad_interrupt>
      24:	0c 94 57 00 	jmp	0xae	; 0xae <__bad_interrupt>
      28:	0c 94 57 00 	jmp	0xae	; 0xae <__bad_interrupt>
      2c:	0c 94 d2 01 	jmp	0x3a4	; 0x3a4 <__vector_11>
      30:	0c 94 57 00 	jmp	0xae	; 0xae <__bad_interrupt>
      34:	0c 94 57 00 	jmp	0xae	; 0xae <__bad_interrupt>
      38:	0c 94 57 00 	jmp	0xae	; 0xae <__bad_interrupt>
      3c:	0c 94 57 00 	jmp	0xae	; 0xae <__bad_interrupt>
      40:	0c 94 57 00 	jmp	0xae	; 0xae <__bad_interrupt>
      44:	0c 94 57 00 	jmp	0xae	; 0xae <__bad_interrupt>
      48:	0c 94 57 00 	jmp	0xae	; 0xae <__bad_interrupt>
      4c:	0c 94 57 00 	jmp	0xae	; 0xae <__bad_interrupt>
      50:	0c 94 57 00 	jmp	0xae	; 0xae <__bad_interrupt>
      54:	40 07       	cpc	r20, r16
      56:	48 07       	cpc	r20, r24
      58:	50 07       	cpc	r21, r16
      5a:	58 07       	cpc	r21, r24
      5c:	60 07       	cpc	r22, r16
      5e:	68 07       	cpc	r22, r24
      60:	70 07       	cpc	r23, r16
      62:	78 07       	cpc	r23, r24
      64:	ba 08       	sbc	r11, r10
      66:	c2 08       	sbc	r12, r2
      68:	ca 08       	sbc	r12, r10
      6a:	d2 08       	sbc	r13, r2
      6c:	da 08       	sbc	r13, r10
      6e:	e2 08       	sbc	r14, r2
      70:	ea 08       	sbc	r14, r10
      72:	f2 08       	sbc	r15, r2

00000074 <__ctors_end>:
      74:	11 24       	eor	r1, r1
      76:	1f be       	out	0x3f, r1	; 63
      78:	cf e5       	ldi	r28, 0x5F	; 95
      7a:	d8 e0       	ldi	r29, 0x08	; 8
      7c:	de bf       	out	0x3e, r29	; 62
      7e:	cd bf       	out	0x3d, r28	; 61

00000080 <__do_copy_data>:
      80:	11 e0       	ldi	r17, 0x01	; 1
      82:	a0 e6       	ldi	r26, 0x60	; 96
      84:	b0 e0       	ldi	r27, 0x00	; 0
      86:	ea ee       	ldi	r30, 0xEA	; 234
      88:	f2 e1       	ldi	r31, 0x12	; 18
      8a:	02 c0       	rjmp	.+4      	; 0x90 <__do_copy_data+0x10>
      8c:	05 90       	lpm	r0, Z+
      8e:	0d 92       	st	X+, r0
      90:	ae 33       	cpi	r26, 0x3E	; 62
      92:	b1 07       	cpc	r27, r17
      94:	d9 f7       	brne	.-10     	; 0x8c <__do_copy_data+0xc>

00000096 <__do_clear_bss>:
      96:	21 e0       	ldi	r18, 0x01	; 1
      98:	ae e3       	ldi	r26, 0x3E	; 62
      9a:	b1 e0       	ldi	r27, 0x01	; 1
      9c:	01 c0       	rjmp	.+2      	; 0xa0 <.do_clear_bss_start>

0000009e <.do_clear_bss_loop>:
      9e:	1d 92       	st	X+, r1

000000a0 <.do_clear_bss_start>:
      a0:	a2 36       	cpi	r26, 0x62	; 98
      a2:	b2 07       	cpc	r27, r18
      a4:	e1 f7       	brne	.-8      	; 0x9e <.do_clear_bss_loop>
      a6:	0e 94 d4 06 	call	0xda8	; 0xda8 <main>
      aa:	0c 94 73 09 	jmp	0x12e6	; 0x12e6 <_exit>

000000ae <__bad_interrupt>:
      ae:	0c 94 00 00 	jmp	0	; 0x0 <__vectors>

000000b2 <ADC_init>:

// 8-bit pseudolosowy (nie moze byc 0!)
unsigned char pseudo_rand = 0xAA;
//rand something something
void ADC_init() {
	ADMUX = (1 << REFS0); // Use AVCC as reference
      b2:	80 e4       	ldi	r24, 0x40	; 64
      b4:	87 b9       	out	0x07, r24	; 7
	ADCSRA = (1 << ADEN) | (1 << ADPS2) | (1 << ADPS1); // Enable ADC, prescaler 64
      b6:	86 e8       	ldi	r24, 0x86	; 134
      b8:	86 b9       	out	0x06, r24	; 6
      ba:	08 95       	ret

000000bc <entropia>:
}
uint8_t entropia(void) {
	ADCSRA |= (1 << ADSC);          // Start conversion
      bc:	86 b1       	in	r24, 0x06	; 6
      be:	80 64       	ori	r24, 0x40	; 64
      c0:	86 b9       	out	0x06, r24	; 6
	while (ADCSRA & (1 << ADSC));   // Wait for conversion to finish (takes ~100us)
      c2:	36 99       	sbic	0x06, 6	; 6
      c4:	fe cf       	rjmp	.-4      	; 0xc2 <entropia+0x6>
	return ADCL;                    // Return the lowest 8 bits of noise
      c6:	84 b1       	in	r24, 0x04	; 4
}
      c8:	08 95       	ret

000000ca <fast_rand>:
// Fast 8-bit random number generator
unsigned char fast_rand(void) {
	// Galois LFSR polynomial taps for 8-bits: bits 7, 5, 4, 3
	if (pseudo_rand & 1) {
      ca:	80 91 62 00 	lds	r24, 0x0062	; 0x800062 <pseudo_rand>
      ce:	80 ff       	sbrs	r24, 0
      d0:	06 c0       	rjmp	.+12     	; 0xde <fast_rand+0x14>
		pseudo_rand = (pseudo_rand >> 1) ^ 0x8C;
      d2:	86 95       	lsr	r24
      d4:	9c e8       	ldi	r25, 0x8C	; 140
      d6:	89 27       	eor	r24, r25
      d8:	80 93 62 00 	sts	0x0062, r24	; 0x800062 <pseudo_rand>
      dc:	03 c0       	rjmp	.+6      	; 0xe4 <fast_rand+0x1a>
		} else {
		pseudo_rand = (pseudo_rand >> 1);
      de:	86 95       	lsr	r24
      e0:	80 93 62 00 	sts	0x0062, r24	; 0x800062 <pseudo_rand>
	}
	return pseudo_rand;
}
      e4:	80 91 62 00 	lds	r24, 0x0062	; 0x800062 <pseudo_rand>
      e8:	08 95       	ret

000000ea <buzzer_init_software>:

// BUZZER
void buzzer_init_software(void) {
	// DDR out
	BUZZER_DIR |= (1 << BUZZER_PIN);
      ea:	81 b3       	in	r24, 0x11	; 17
      ec:	80 61       	ori	r24, 0x10	; 16
      ee:	81 bb       	out	0x11, r24	; 17

	// WGM12 = 1 (CTC Mode)
	// CS11 = 1 (Prescaler 64)
	TCCR2 = (1 << WGM21) | (1 << CS22);//|(1 << CS21);
      f0:	8c e0       	ldi	r24, 0x0C	; 12
      f2:	85 bd       	out	0x25, r24	; 37

	// Pitch
	// 11059200 / (64 * frequency * 2)
	OCR2 = 43;
      f4:	8b e2       	ldi	r24, 0x2B	; 43
      f6:	83 bd       	out	0x23, r24	; 35
      f8:	08 95       	ret

000000fa <buzzer_on>:

	//sei();
}
void buzzer_on(void) {
	// Enable the Timer 1 Compare A Interrupt
	TIMSK |= (1 << OCIE2);
      fa:	89 b7       	in	r24, 0x39	; 57
      fc:	80 68       	ori	r24, 0x80	; 128
      fe:	89 bf       	out	0x39, r24	; 57
     100:	08 95       	ret

00000102 <buzzer_off>:
}
void buzzer_off(void) {
	// Disable the Interrupt and ensure the pin is low
	TIMSK &= ~(1 << OCIE2);
     102:	89 b7       	in	r24, 0x39	; 57
     104:	8f 77       	andi	r24, 0x7F	; 127
     106:	89 bf       	out	0x39, r24	; 57
	BUZZER_PORT &= ~(1 << BUZZER_PIN);
     108:	82 b3       	in	r24, 0x12	; 18
     10a:	8f 7e       	andi	r24, 0xEF	; 239
     10c:	82 bb       	out	0x12, r24	; 18
     10e:	08 95       	ret

00000110 <__vector_4>:
}
ISR(TIMER2_COMP_vect) {
     110:	1f 92       	push	r1
     112:	0f 92       	push	r0
     114:	0f b6       	in	r0, 0x3f	; 63
     116:	0f 92       	push	r0
     118:	11 24       	eor	r1, r1
     11a:	2f 93       	push	r18
     11c:	3f 93       	push	r19
     11e:	4f 93       	push	r20
     120:	5f 93       	push	r21
     122:	6f 93       	push	r22
     124:	7f 93       	push	r23
     126:	8f 93       	push	r24
     128:	9f 93       	push	r25
     12a:	af 93       	push	r26
     12c:	bf 93       	push	r27
     12e:	ef 93       	push	r30
     130:	ff 93       	push	r31
	// Toggle the buzzer pin (Flips 0 to 1, or 1 to 0)
	BUZZER_PORT ^= (1 << BUZZER_PIN);
     132:	92 b3       	in	r25, 0x12	; 18
     134:	80 e1       	ldi	r24, 0x10	; 16
     136:	89 27       	eor	r24, r25
     138:	82 bb       	out	0x12, r24	; 18
	
	if((sfx_length & 1) && (sfx_length & 2))
     13a:	80 91 43 01 	lds	r24, 0x0143	; 0x800143 <sfx_length>
     13e:	90 91 44 01 	lds	r25, 0x0144	; 0x800144 <sfx_length+0x1>
     142:	80 ff       	sbrs	r24, 0
     144:	0b c0       	rjmp	.+22     	; 0x15c <__vector_4+0x4c>
     146:	80 91 43 01 	lds	r24, 0x0143	; 0x800143 <sfx_length>
     14a:	90 91 44 01 	lds	r25, 0x0144	; 0x800144 <sfx_length+0x1>
     14e:	81 ff       	sbrs	r24, 1
     150:	05 c0       	rjmp	.+10     	; 0x15c <__vector_4+0x4c>
	OCR2 -= sfx_change;
     152:	90 91 42 01 	lds	r25, 0x0142	; 0x800142 <sfx_change>
     156:	83 b5       	in	r24, 0x23	; 35
     158:	89 1b       	sub	r24, r25
     15a:	83 bd       	out	0x23, r24	; 35
	
	if(!sfx_length--) buzzer_off();
     15c:	80 91 43 01 	lds	r24, 0x0143	; 0x800143 <sfx_length>
     160:	90 91 44 01 	lds	r25, 0x0144	; 0x800144 <sfx_length+0x1>
     164:	9c 01       	movw	r18, r24
     166:	21 50       	subi	r18, 0x01	; 1
     168:	31 09       	sbc	r19, r1
     16a:	30 93 44 01 	sts	0x0144, r19	; 0x800144 <sfx_length+0x1>
     16e:	20 93 43 01 	sts	0x0143, r18	; 0x800143 <sfx_length>
     172:	89 2b       	or	r24, r25
     174:	11 f4       	brne	.+4      	; 0x17a <__vector_4+0x6a>
     176:	0e 94 81 00 	call	0x102	; 0x102 <buzzer_off>
}
     17a:	ff 91       	pop	r31
     17c:	ef 91       	pop	r30
     17e:	bf 91       	pop	r27
     180:	af 91       	pop	r26
     182:	9f 91       	pop	r25
     184:	8f 91       	pop	r24
     186:	7f 91       	pop	r23
     188:	6f 91       	pop	r22
     18a:	5f 91       	pop	r21
     18c:	4f 91       	pop	r20
     18e:	3f 91       	pop	r19
     190:	2f 91       	pop	r18
     192:	0f 90       	pop	r0
     194:	0f be       	out	0x3f, r0	; 63
     196:	0f 90       	pop	r0
     198:	1f 90       	pop	r1
     19a:	18 95       	reti

0000019c <play_sfx>:

void play_sfx(uint16_t length, uint16_t frequency, int8_t change)
{
     19c:	1f 93       	push	r17
     19e:	cf 93       	push	r28
     1a0:	df 93       	push	r29
     1a2:	ec 01       	movw	r28, r24
     1a4:	14 2f       	mov	r17, r20
	OCR2 = 11059200 / (64 * frequency * 2);
     1a6:	9b 01       	movw	r18, r22
     1a8:	36 95       	lsr	r19
     1aa:	32 2f       	mov	r19, r18
     1ac:	22 27       	eor	r18, r18
     1ae:	37 95       	ror	r19
     1b0:	27 95       	ror	r18
     1b2:	40 e0       	ldi	r20, 0x00	; 0
     1b4:	50 e0       	ldi	r21, 0x00	; 0
     1b6:	60 e0       	ldi	r22, 0x00	; 0
     1b8:	70 ec       	ldi	r23, 0xC0	; 192
     1ba:	88 ea       	ldi	r24, 0xA8	; 168
     1bc:	90 e0       	ldi	r25, 0x00	; 0
     1be:	0e 94 1d 09 	call	0x123a	; 0x123a <__divmodsi4>
     1c2:	23 bd       	out	0x23, r18	; 35
	sfx_change = change;
     1c4:	10 93 42 01 	sts	0x0142, r17	; 0x800142 <sfx_change>
	sfx_length = length;//*frequency/80;
     1c8:	d0 93 44 01 	sts	0x0144, r29	; 0x800144 <sfx_length+0x1>
     1cc:	c0 93 43 01 	sts	0x0143, r28	; 0x800143 <sfx_length>
	buzzer_on();
     1d0:	0e 94 7d 00 	call	0xfa	; 0xfa <buzzer_on>
}
     1d4:	df 91       	pop	r29
     1d6:	cf 91       	pop	r28
     1d8:	1f 91       	pop	r17
     1da:	08 95       	ret

000001dc <LCD_zapis>:

void LCD_zapis(uint8_t dane)
{
	
	// zbocze opadajace (?)
	magistrala = dane;
     1dc:	85 bb       	out	0x15, r24	; 21
	sterE |= (1<<E); //E = 1
     1de:	82 b3       	in	r24, 0x12	; 18
     1e0:	80 64       	ori	r24, 0x40	; 64
     1e2:	82 bb       	out	0x12, r24	; 18
	#else
		//round up by default
		__ticks_dc = (uint32_t)(ceil(fabs(__tmp)));
	#endif

	__builtin_avr_delay_cycles(__ticks_dc);
     1e4:	8a e4       	ldi	r24, 0x4A	; 74
     1e6:	8a 95       	dec	r24
     1e8:	f1 f7       	brne	.-4      	; 0x1e6 <LCD_zapis+0xa>
	_delay_us(20);
	sterE &= ~(1<<E); //E = 0
     1ea:	82 b3       	in	r24, 0x12	; 18
     1ec:	8f 7b       	andi	r24, 0xBF	; 191
     1ee:	82 bb       	out	0x12, r24	; 18
     1f0:	88 eb       	ldi	r24, 0xB8	; 184
     1f2:	8a 95       	dec	r24
     1f4:	f1 f7       	brne	.-4      	; 0x1f2 <LCD_zapis+0x16>
     1f6:	00 00       	nop
     1f8:	08 95       	ret

000001fa <lcd_custom_znak>:
	_delay_us(50);
	//_delay_ms(2);
}

//po definicji lcd_zapis
void lcd_custom_znak(uint8_t nr,const uint8_t *cust_znak){
     1fa:	0f 93       	push	r16
     1fc:	1f 93       	push	r17
     1fe:	cf 93       	push	r28
     200:	df 93       	push	r29
     202:	d8 2f       	mov	r29, r24
     204:	8b 01       	movw	r16, r22

	for(uint8_t i = 0;i < 8;i++){
     206:	c0 e0       	ldi	r28, 0x00	; 0
     208:	19 c0       	rjmp	.+50     	; 0x23c <lcd_custom_znak+0x42>
		sterRS &= ~(1<<RS); // bedziemy podawac instrukcje
     20a:	88 b3       	in	r24, 0x18	; 24
     20c:	8b 7f       	andi	r24, 0xFB	; 251
     20e:	88 bb       	out	0x18, r24	; 24
		sterRW &= ~(1<<RW);
     210:	82 b3       	in	r24, 0x12	; 18
     212:	8f 77       	andi	r24, 0x7F	; 127
     214:	82 bb       	out	0x12, r24	; 18
		LCD_zapis(0x40 + nr*8 +i);
     216:	8d 2f       	mov	r24, r29
     218:	90 e0       	ldi	r25, 0x00	; 0
     21a:	08 96       	adiw	r24, 0x08	; 8
     21c:	88 0f       	add	r24, r24
     21e:	88 0f       	add	r24, r24
     220:	88 0f       	add	r24, r24
     222:	8c 0f       	add	r24, r28
     224:	0e 94 ee 00 	call	0x1dc	; 0x1dc <LCD_zapis>
		sterRS |= (1<<RS);
     228:	88 b3       	in	r24, 0x18	; 24
     22a:	84 60       	ori	r24, 0x04	; 4
     22c:	88 bb       	out	0x18, r24	; 24
		LCD_zapis(cust_znak[i]);
     22e:	f8 01       	movw	r30, r16
     230:	ec 0f       	add	r30, r28
     232:	f1 1d       	adc	r31, r1
     234:	80 81       	ld	r24, Z
     236:	0e 94 ee 00 	call	0x1dc	; 0x1dc <LCD_zapis>
}

//po definicji lcd_zapis
void lcd_custom_znak(uint8_t nr,const uint8_t *cust_znak){

	for(uint8_t i = 0;i < 8;i++){
     23a:	cf 5f       	subi	r28, 0xFF	; 255
     23c:	c8 30       	cpi	r28, 0x08	; 8
     23e:	28 f3       	brcs	.-54     	; 0x20a <lcd_custom_znak+0x10>
		LCD_zapis(0x40 + nr*8 +i);
		sterRS |= (1<<RS);
		LCD_zapis(cust_znak[i]);
	}

}
     240:	df 91       	pop	r29
     242:	cf 91       	pop	r28
     244:	1f 91       	pop	r17
     246:	0f 91       	pop	r16
     248:	08 95       	ret

0000024a <LCD_init>:
void LCD_init(){
	// DDR
	magistralaDDR = 0xff;
     24a:	8f ef       	ldi	r24, 0xFF	; 255
     24c:	84 bb       	out	0x14, r24	; 20
	sterRSDDR |= (1<<RS); //wyjscie
     24e:	87 b3       	in	r24, 0x17	; 23
     250:	84 60       	ori	r24, 0x04	; 4
     252:	87 bb       	out	0x17, r24	; 23
	sterEDDR |= (1<<E)|(1<<RW);
     254:	81 b3       	in	r24, 0x11	; 17
     256:	80 6c       	ori	r24, 0xC0	; 192
     258:	81 bb       	out	0x11, r24	; 17
	#else
		//round up by default
		__ticks_dc = (uint32_t)(ceil(fabs(__tmp)));
	#endif

	__builtin_avr_delay_cycles(__ticks_dc);
     25a:	8f ef       	ldi	r24, 0xFF	; 255
     25c:	95 e3       	ldi	r25, 0x35	; 53
     25e:	01 97       	sbiw	r24, 0x01	; 1
     260:	f1 f7       	brne	.-4      	; 0x25e <LCD_init+0x14>
     262:	00 c0       	rjmp	.+0      	; 0x264 <LCD_init+0x1a>
     264:	00 00       	nop
	
	// inicjalizacja wyswietlacza LCD do pracy
	_delay_ms(5);
	sterRS &= ~(1<<RS); // bedziemy podawac instrukcje
     266:	88 b3       	in	r24, 0x18	; 24
     268:	8b 7f       	andi	r24, 0xFB	; 251
     26a:	88 bb       	out	0x18, r24	; 24
	sterRW &= ~(1<<RW);
     26c:	82 b3       	in	r24, 0x12	; 18
     26e:	8f 77       	andi	r24, 0x7F	; 127
     270:	82 bb       	out	0x12, r24	; 18
	
	// magistrala 8-bitowa
	// function set 00111000 - 001DNFXX
	// == 0x38
	LCD_zapis(0x38);
     272:	88 e3       	ldi	r24, 0x38	; 56
     274:	0e 94 ee 00 	call	0x1dc	; 0x1dc <LCD_zapis>
	
	// inkrementacja znaku
	// entry mode set 00000110 - 000001IS
	// == 0x06
	LCD_zapis(0x06);
     278:	86 e0       	ldi	r24, 0x06	; 6
     27a:	0e 94 ee 00 	call	0x1dc	; 0x1dc <LCD_zapis>
	
	// wlaczenie LCD
	// display ON/OFF 00001111 -
	// == 0x0f / 0x0c bez kursora
	LCD_zapis(0x0c);
     27e:	8c e0       	ldi	r24, 0x0C	; 12
     280:	0e 94 ee 00 	call	0x1dc	; 0x1dc <LCD_zapis>
	
	// czyszczenie - trzeba zdelayowac
	LCD_zapis(0x01);
     284:	81 e0       	ldi	r24, 0x01	; 1
     286:	0e 94 ee 00 	call	0x1dc	; 0x1dc <LCD_zapis>
     28a:	89 e9       	ldi	r24, 0x99	; 153
     28c:	95 e1       	ldi	r25, 0x15	; 21
     28e:	01 97       	sbiw	r24, 0x01	; 1
     290:	f1 f7       	brne	.-4      	; 0x28e <LCD_init+0x44>
     292:	00 c0       	rjmp	.+0      	; 0x294 <LCD_init+0x4a>
     294:	08 95       	ret

00000296 <LCD_zpA>:
	_delay_ms(2);
}

void LCD_zpA(char znak, uint8_t poz)
{
     296:	cf 93       	push	r28
     298:	c8 2f       	mov	r28, r24
	sterRS &= ~(1<<RS);
     29a:	98 b3       	in	r25, 0x18	; 24
     29c:	9b 7f       	andi	r25, 0xFB	; 251
     29e:	98 bb       	out	0x18, r25	; 24
	LCD_zapis(0x80+poz);
     2a0:	80 e8       	ldi	r24, 0x80	; 128
     2a2:	86 0f       	add	r24, r22
     2a4:	0e 94 ee 00 	call	0x1dc	; 0x1dc <LCD_zapis>
	sterRS |= (1<<RS);
     2a8:	88 b3       	in	r24, 0x18	; 24
     2aa:	84 60       	ori	r24, 0x04	; 4
     2ac:	88 bb       	out	0x18, r24	; 24
	LCD_zapis(znak);
     2ae:	8c 2f       	mov	r24, r28
     2b0:	0e 94 ee 00 	call	0x1dc	; 0x1dc <LCD_zapis>
}
     2b4:	cf 91       	pop	r28
     2b6:	08 95       	ret

000002b8 <LCD_zpB>:
void LCD_zpB(char znak, uint8_t poz)
{
     2b8:	cf 93       	push	r28
     2ba:	c8 2f       	mov	r28, r24
	sterRS &= ~(1<<RS);
     2bc:	98 b3       	in	r25, 0x18	; 24
     2be:	9b 7f       	andi	r25, 0xFB	; 251
     2c0:	98 bb       	out	0x18, r25	; 24
	LCD_zapis(0xc0+poz);
     2c2:	80 ec       	ldi	r24, 0xC0	; 192
     2c4:	86 0f       	add	r24, r22
     2c6:	0e 94 ee 00 	call	0x1dc	; 0x1dc <LCD_zapis>
	sterRS |= (1<<RS);
     2ca:	88 b3       	in	r24, 0x18	; 24
     2cc:	84 60       	ori	r24, 0x04	; 4
     2ce:	88 bb       	out	0x18, r24	; 24
	LCD_zapis(znak);
     2d0:	8c 2f       	mov	r24, r28
     2d2:	0e 94 ee 00 	call	0x1dc	; 0x1dc <LCD_zapis>
}
     2d6:	cf 91       	pop	r28
     2d8:	08 95       	ret

000002da <NapisA>:

void NapisA(uint8_t *tekst)
{
     2da:	0f 93       	push	r16
     2dc:	1f 93       	push	r17
     2de:	cf 93       	push	r28
     2e0:	8c 01       	movw	r16, r24
	sterRS &= ~(1<<RS); // wybor gdzie piszemy
     2e2:	88 b3       	in	r24, 0x18	; 24
     2e4:	8b 7f       	andi	r24, 0xFB	; 251
     2e6:	88 bb       	out	0x18, r24	; 24
	LCD_zapis(0x80);
     2e8:	80 e8       	ldi	r24, 0x80	; 128
     2ea:	0e 94 ee 00 	call	0x1dc	; 0x1dc <LCD_zapis>
	
	sterRS |= (1<<RS);
     2ee:	88 b3       	in	r24, 0x18	; 24
     2f0:	84 60       	ori	r24, 0x04	; 4
     2f2:	88 bb       	out	0x18, r24	; 24
	for(uint8_t i = 0; i<16; i++)
     2f4:	c0 e0       	ldi	r28, 0x00	; 0
     2f6:	09 c0       	rjmp	.+18     	; 0x30a <NapisA+0x30>
	{
		if (tekst[i] == 0) break;
     2f8:	f8 01       	movw	r30, r16
     2fa:	ec 0f       	add	r30, r28
     2fc:	f1 1d       	adc	r31, r1
     2fe:	80 81       	ld	r24, Z
     300:	88 23       	and	r24, r24
     302:	29 f0       	breq	.+10     	; 0x30e <NapisA+0x34>
		LCD_zapis(tekst[i]);
     304:	0e 94 ee 00 	call	0x1dc	; 0x1dc <LCD_zapis>
{
	sterRS &= ~(1<<RS); // wybor gdzie piszemy
	LCD_zapis(0x80);
	
	sterRS |= (1<<RS);
	for(uint8_t i = 0; i<16; i++)
     308:	cf 5f       	subi	r28, 0xFF	; 255
     30a:	c0 31       	cpi	r28, 0x10	; 16
     30c:	a8 f3       	brcs	.-22     	; 0x2f8 <NapisA+0x1e>
	{
		if (tekst[i] == 0) break;
		LCD_zapis(tekst[i]);
	}
}
     30e:	cf 91       	pop	r28
     310:	1f 91       	pop	r17
     312:	0f 91       	pop	r16
     314:	08 95       	ret

00000316 <NapisB>:
void NapisB(uint8_t *tekst)
{
     316:	0f 93       	push	r16
     318:	1f 93       	push	r17
     31a:	cf 93       	push	r28
     31c:	8c 01       	movw	r16, r24
	sterRS &= ~(1<<RS); // wybor gdzie piszemy
     31e:	88 b3       	in	r24, 0x18	; 24
     320:	8b 7f       	andi	r24, 0xFB	; 251
     322:	88 bb       	out	0x18, r24	; 24
	LCD_zapis(0xc0);
     324:	80 ec       	ldi	r24, 0xC0	; 192
     326:	0e 94 ee 00 	call	0x1dc	; 0x1dc <LCD_zapis>
	
	sterRS |= (1<<RS);
     32a:	88 b3       	in	r24, 0x18	; 24
     32c:	84 60       	ori	r24, 0x04	; 4
     32e:	88 bb       	out	0x18, r24	; 24
	for(uint8_t i = 0; i<16; i++)
     330:	c0 e0       	ldi	r28, 0x00	; 0
     332:	09 c0       	rjmp	.+18     	; 0x346 <NapisB+0x30>
	{
		if (tekst[i] == 0) break;
     334:	f8 01       	movw	r30, r16
     336:	ec 0f       	add	r30, r28
     338:	f1 1d       	adc	r31, r1
     33a:	80 81       	ld	r24, Z
     33c:	88 23       	and	r24, r24
     33e:	29 f0       	breq	.+10     	; 0x34a <NapisB+0x34>
		LCD_zapis(tekst[i]);
     340:	0e 94 ee 00 	call	0x1dc	; 0x1dc <LCD_zapis>
{
	sterRS &= ~(1<<RS); // wybor gdzie piszemy
	LCD_zapis(0xc0);
	
	sterRS |= (1<<RS);
	for(uint8_t i = 0; i<16; i++)
     344:	cf 5f       	subi	r28, 0xFF	; 255
     346:	c0 31       	cpi	r28, 0x10	; 16
     348:	a8 f3       	brcs	.-22     	; 0x334 <NapisB+0x1e>
	{
		if (tekst[i] == 0) break;
		LCD_zapis(tekst[i]);
	}
}
     34a:	cf 91       	pop	r28
     34c:	1f 91       	pop	r17
     34e:	0f 91       	pop	r16
     350:	08 95       	ret

00000352 <T1_init>:

// timer cyklu 
void T1_init(){
	TCCR1B = (1<<WGM12)|(1<<CS12); //WGM12 - tryb CTC, CS12 - clk/256
     352:	8c e0       	ldi	r24, 0x0C	; 12
     354:	8e bd       	out	0x2e, r24	; 46
	//TCCR1B = (1<<WGM12)|(1<<CS10);
	TIMSK |= (1<<OCIE1A); //w TIMSKu zgadzamy sie na to przerwanie
     356:	89 b7       	in	r24, 0x39	; 57
     358:	80 61       	ori	r24, 0x10	; 16
     35a:	89 bf       	out	0x39, r24	; 57
	OCR1A = szybkosc_gry;
     35c:	80 91 72 00 	lds	r24, 0x0072	; 0x800072 <szybkosc_gry>
     360:	90 91 73 00 	lds	r25, 0x0073	; 0x800073 <szybkosc_gry+0x1>
     364:	9b bd       	out	0x2b, r25	; 43
     366:	8a bd       	out	0x2a, r24	; 42
	//OCR1A = szybkosc_gry; //prescaler
	
	sei();
     368:	78 94       	sei
     36a:	08 95       	ret

0000036c <T0_init>:
}
// timer przyciskow
void T0_init(){
	TCCR0 = (1<<CS01)|(1<<CS00); //CS02,CS00 - clk/1024, WGM01 - tryb CTC
     36c:	83 e0       	ldi	r24, 0x03	; 3
     36e:	83 bf       	out	0x33, r24	; 51
	TIMSK |= (1<<TOIE0); //przerwanie od przepelnienia t0
     370:	89 b7       	in	r24, 0x39	; 57
     372:	81 60       	ori	r24, 0x01	; 1
     374:	89 bf       	out	0x39, r24	; 57
     376:	08 95       	ret

00000378 <Przyciski_init>:
	//OCR0 = 0xff; 
}

void Przyciski_init(){
	sterRSDDR &= ~((1<<przlewoprawo)|(1<<przstrzel)); //przycisk jako wejscie
     378:	87 b3       	in	r24, 0x17	; 23
     37a:	8c 7f       	andi	r24, 0xFC	; 252
     37c:	87 bb       	out	0x17, r24	; 23
	sterRS |= (1<<przlewoprawo)|(1<<przstrzel); //rezystor polaryzujacy na wejsciu przycisk
     37e:	88 b3       	in	r24, 0x18	; 24
     380:	83 60       	ori	r24, 0x03	; 3
     382:	88 bb       	out	0x18, r24	; 24
     384:	08 95       	ret

00000386 <__vector_7>:
}

// timer cyklu
ISR(TIMER1_COMPA_vect)
{
     386:	1f 92       	push	r1
     388:	0f 92       	push	r0
     38a:	0f b6       	in	r0, 0x3f	; 63
     38c:	0f 92       	push	r0
     38e:	11 24       	eor	r1, r1
     390:	8f 93       	push	r24
	cykl = 1;
     392:	81 e0       	ldi	r24, 0x01	; 1
     394:	80 93 4a 01 	sts	0x014A, r24	; 0x80014a <cykl>
}
     398:	8f 91       	pop	r24
     39a:	0f 90       	pop	r0
     39c:	0f be       	out	0x3f, r0	; 63
     39e:	0f 90       	pop	r0
     3a0:	1f 90       	pop	r1
     3a2:	18 95       	reti

000003a4 <__vector_11>:
// timer przyciskow
ISR(TIMER0_OVF_vect)
{
     3a4:	1f 92       	push	r1
     3a6:	0f 92       	push	r0
     3a8:	0f b6       	in	r0, 0x3f	; 63
     3aa:	0f 92       	push	r0
     3ac:	11 24       	eor	r1, r1
     3ae:	8f 93       	push	r24
	sprawdzprz = 1;
     3b0:	81 e0       	ldi	r24, 0x01	; 1
     3b2:	80 93 4b 01 	sts	0x014B, r24	; 0x80014b <sprawdzprz>
}
     3b6:	8f 91       	pop	r24
     3b8:	0f 90       	pop	r0
     3ba:	0f be       	out	0x3f, r0	; 63
     3bc:	0f 90       	pop	r0
     3be:	1f 90       	pop	r1
     3c0:	18 95       	reti

000003c2 <sprawdz_przyciski>:

void sprawdz_przyciski(){
	// przycisk lewo prawo
	if(!(przyciski & (1<<przlewoprawo)))
     3c2:	b0 99       	sbic	0x16, 0	; 22
     3c4:	0f c0       	rjmp	.+30     	; 0x3e4 <sprawdz_przyciski+0x22>
	{
		switch(zmlewoprawo)
     3c6:	80 91 61 01 	lds	r24, 0x0161	; 0x800161 <zmlewoprawo>
     3ca:	88 23       	and	r24, r24
     3cc:	19 f0       	breq	.+6      	; 0x3d4 <sprawdz_przyciski+0x12>
     3ce:	81 30       	cpi	r24, 0x01	; 1
     3d0:	29 f0       	breq	.+10     	; 0x3dc <sprawdz_przyciski+0x1a>
     3d2:	15 c0       	rjmp	.+42     	; 0x3fe <sprawdz_przyciski+0x3c>
		{
			case 0:
			zmlewoprawo = 1;
     3d4:	81 e0       	ldi	r24, 0x01	; 1
     3d6:	80 93 61 01 	sts	0x0161, r24	; 0x800161 <zmlewoprawo>
			break;
     3da:	11 c0       	rjmp	.+34     	; 0x3fe <sprawdz_przyciski+0x3c>
			case 1:
			zmlewoprawo = 2;
     3dc:	82 e0       	ldi	r24, 0x02	; 2
     3de:	80 93 61 01 	sts	0x0161, r24	; 0x800161 <zmlewoprawo>
			break;
     3e2:	0d c0       	rjmp	.+26     	; 0x3fe <sprawdz_przyciski+0x3c>
		}
	}
	else
	{
		switch(zmlewoprawo)
     3e4:	80 91 61 01 	lds	r24, 0x0161	; 0x800161 <zmlewoprawo>
     3e8:	83 30       	cpi	r24, 0x03	; 3
     3ea:	19 f0       	breq	.+6      	; 0x3f2 <sprawdz_przyciski+0x30>
     3ec:	84 30       	cpi	r24, 0x04	; 4
     3ee:	29 f0       	breq	.+10     	; 0x3fa <sprawdz_przyciski+0x38>
     3f0:	06 c0       	rjmp	.+12     	; 0x3fe <sprawdz_przyciski+0x3c>
		{
			case 3:
			zmlewoprawo = 4;
     3f2:	84 e0       	ldi	r24, 0x04	; 4
     3f4:	80 93 61 01 	sts	0x0161, r24	; 0x800161 <zmlewoprawo>
			break;
     3f8:	02 c0       	rjmp	.+4      	; 0x3fe <sprawdz_przyciski+0x3c>
			case 4:
			zmlewoprawo = 0;
     3fa:	10 92 61 01 	sts	0x0161, r1	; 0x800161 <zmlewoprawo>
			break;
		}
	}
	
	// przycisk lewo prawo
	if(!(przyciski & (1<<przstrzel)))
     3fe:	b1 99       	sbic	0x16, 1	; 22
     400:	0f c0       	rjmp	.+30     	; 0x420 <__EEPROM_REGION_LENGTH__+0x20>
	{
		switch(zmstrzel)
     402:	80 91 60 01 	lds	r24, 0x0160	; 0x800160 <zmstrzel>
     406:	88 23       	and	r24, r24
     408:	19 f0       	breq	.+6      	; 0x410 <__EEPROM_REGION_LENGTH__+0x10>
     40a:	81 30       	cpi	r24, 0x01	; 1
     40c:	29 f0       	breq	.+10     	; 0x418 <__EEPROM_REGION_LENGTH__+0x18>
     40e:	08 95       	ret
		{
			case 0:
			zmstrzel = 1;
     410:	81 e0       	ldi	r24, 0x01	; 1
     412:	80 93 60 01 	sts	0x0160, r24	; 0x800160 <zmstrzel>
			break;
     416:	08 95       	ret
			case 1:
			zmstrzel = 2;
     418:	82 e0       	ldi	r24, 0x02	; 2
     41a:	80 93 60 01 	sts	0x0160, r24	; 0x800160 <zmstrzel>
			break;
     41e:	08 95       	ret
		}
	}
	else
	{
		switch(zmstrzel)
     420:	80 91 60 01 	lds	r24, 0x0160	; 0x800160 <zmstrzel>
     424:	83 30       	cpi	r24, 0x03	; 3
     426:	19 f0       	breq	.+6      	; 0x42e <__EEPROM_REGION_LENGTH__+0x2e>
     428:	84 30       	cpi	r24, 0x04	; 4
     42a:	29 f0       	breq	.+10     	; 0x436 <__EEPROM_REGION_LENGTH__+0x36>
     42c:	08 95       	ret
		{
			case 3:
			zmstrzel = 4;
     42e:	84 e0       	ldi	r24, 0x04	; 4
     430:	80 93 60 01 	sts	0x0160, r24	; 0x800160 <zmstrzel>
			break;
     434:	08 95       	ret
			case 4:
			zmstrzel = 5; //na 5!
     436:	85 e0       	ldi	r24, 0x05	; 5
     438:	80 93 60 01 	sts	0x0160, r24	; 0x800160 <zmstrzel>
     43c:	08 95       	ret

0000043e <count_destructive>:
}

uint8_t count_destructive(uint16_t zmienna)
{
	uint8_t count = 0;
	for (count = 0; zmienna; count++) {
     43e:	20 e0       	ldi	r18, 0x00	; 0
     440:	06 c0       	rjmp	.+12     	; 0x44e <count_destructive+0x10>
		zmienna &= zmienna - 1;
     442:	ac 01       	movw	r20, r24
     444:	41 50       	subi	r20, 0x01	; 1
     446:	51 09       	sbc	r21, r1
     448:	84 23       	and	r24, r20
     44a:	95 23       	and	r25, r21
}

uint8_t count_destructive(uint16_t zmienna)
{
	uint8_t count = 0;
	for (count = 0; zmienna; count++) {
     44c:	2f 5f       	subi	r18, 0xFF	; 255
     44e:	00 97       	sbiw	r24, 0x00	; 0
     450:	c1 f7       	brne	.-16     	; 0x442 <count_destructive+0x4>
		zmienna &= zmienna - 1;
	}
	return count;
}
     452:	82 2f       	mov	r24, r18
     454:	08 95       	ret

00000456 <check_i_eliminacja>:

void check_i_eliminacja()
{
     456:	ef 92       	push	r14
     458:	ff 92       	push	r15
     45a:	0f 93       	push	r16
     45c:	1f 93       	push	r17
     45e:	cf 93       	push	r28
     460:	df 93       	push	r29
	
	// eliminacja zwykla A
	eliminacja = wrogowieA & pociskiA;
     462:	20 91 5e 01 	lds	r18, 0x015E	; 0x80015e <wrogowieA>
     466:	30 91 5f 01 	lds	r19, 0x015F	; 0x80015f <wrogowieA+0x1>
     46a:	e0 90 5a 01 	lds	r14, 0x015A	; 0x80015a <pociskiA>
     46e:	f0 90 5b 01 	lds	r15, 0x015B	; 0x80015b <pociskiA+0x1>
     472:	c9 01       	movw	r24, r18
     474:	8e 21       	and	r24, r14
     476:	9f 21       	and	r25, r15
     478:	90 93 57 01 	sts	0x0157, r25	; 0x800157 <eliminacja+0x1>
     47c:	80 93 56 01 	sts	0x0156, r24	; 0x800156 <eliminacja>
	wrogowieA &= ~eliminacja;
     480:	ac 01       	movw	r20, r24
     482:	40 95       	com	r20
     484:	50 95       	com	r21
     486:	24 23       	and	r18, r20
     488:	35 23       	and	r19, r21
     48a:	30 93 5f 01 	sts	0x015F, r19	; 0x80015f <wrogowieA+0x1>
     48e:	20 93 5e 01 	sts	0x015E, r18	; 0x80015e <wrogowieA>
	pociskiA &= ~eliminacja;
     492:	e4 22       	and	r14, r20
     494:	f5 22       	and	r15, r21
     496:	f0 92 5b 01 	sts	0x015B, r15	; 0x80015b <pociskiA+0x1>
     49a:	e0 92 5a 01 	sts	0x015A, r14	; 0x80015a <pociskiA>
	
	// SFX
	if (eliminacja) if (sfx_which<sfxMega) sfx_which = sfxWrog;
     49e:	00 97       	sbiw	r24, 0x00	; 0
     4a0:	39 f0       	breq	.+14     	; 0x4b0 <check_i_eliminacja+0x5a>
     4a2:	20 91 41 01 	lds	r18, 0x0141	; 0x800141 <sfx_which>
     4a6:	23 30       	cpi	r18, 0x03	; 3
     4a8:	18 f4       	brcc	.+6      	; 0x4b0 <check_i_eliminacja+0x5a>
     4aa:	22 e0       	ldi	r18, 0x02	; 2
     4ac:	20 93 41 01 	sts	0x0141, r18	; 0x800141 <sfx_which>
	// dodaj do score
	score += count_destructive(eliminacja);
     4b0:	0e 94 1f 02 	call	0x43e	; 0x43e <count_destructive>
     4b4:	c0 91 48 01 	lds	r28, 0x0148	; 0x800148 <score>
     4b8:	d0 91 49 01 	lds	r29, 0x0149	; 0x800149 <score+0x1>
     4bc:	c8 0f       	add	r28, r24
     4be:	d1 1d       	adc	r29, r1
     4c0:	d0 93 49 01 	sts	0x0149, r29	; 0x800149 <score+0x1>
     4c4:	c0 93 48 01 	sts	0x0148, r28	; 0x800148 <score>
	
	// eliminacja B
	eliminacja = wrogowieB & pociskiB;
     4c8:	20 91 5c 01 	lds	r18, 0x015C	; 0x80015c <wrogowieB>
     4cc:	30 91 5d 01 	lds	r19, 0x015D	; 0x80015d <wrogowieB+0x1>
     4d0:	00 91 58 01 	lds	r16, 0x0158	; 0x800158 <pociskiB>
     4d4:	10 91 59 01 	lds	r17, 0x0159	; 0x800159 <pociskiB+0x1>
     4d8:	c9 01       	movw	r24, r18
     4da:	80 23       	and	r24, r16
     4dc:	91 23       	and	r25, r17
     4de:	90 93 57 01 	sts	0x0157, r25	; 0x800157 <eliminacja+0x1>
     4e2:	80 93 56 01 	sts	0x0156, r24	; 0x800156 <eliminacja>
	wrogowieB &= ~eliminacja;
     4e6:	ac 01       	movw	r20, r24
     4e8:	40 95       	com	r20
     4ea:	50 95       	com	r21
     4ec:	24 23       	and	r18, r20
     4ee:	35 23       	and	r19, r21
     4f0:	30 93 5d 01 	sts	0x015D, r19	; 0x80015d <wrogowieB+0x1>
     4f4:	20 93 5c 01 	sts	0x015C, r18	; 0x80015c <wrogowieB>
	pociskiB &= ~eliminacja;
     4f8:	04 23       	and	r16, r20
     4fa:	15 23       	and	r17, r21
     4fc:	10 93 59 01 	sts	0x0159, r17	; 0x800159 <pociskiB+0x1>
     500:	00 93 58 01 	sts	0x0158, r16	; 0x800158 <pociskiB>
	
	// SFX
	if (eliminacja) if (sfx_which<sfxMega) sfx_which = sfxWrog;
     504:	00 97       	sbiw	r24, 0x00	; 0
     506:	39 f0       	breq	.+14     	; 0x516 <check_i_eliminacja+0xc0>
     508:	20 91 41 01 	lds	r18, 0x0141	; 0x800141 <sfx_which>
     50c:	23 30       	cpi	r18, 0x03	; 3
     50e:	18 f4       	brcc	.+6      	; 0x516 <check_i_eliminacja+0xc0>
     510:	22 e0       	ldi	r18, 0x02	; 2
     512:	20 93 41 01 	sts	0x0141, r18	; 0x800141 <sfx_which>
	// dodaj do score
	score += count_destructive(eliminacja);
     516:	0e 94 1f 02 	call	0x43e	; 0x43e <count_destructive>
     51a:	c8 0f       	add	r28, r24
     51c:	d1 1d       	adc	r29, r1
     51e:	d0 93 49 01 	sts	0x0149, r29	; 0x800149 <score+0x1>
     522:	c0 93 48 01 	sts	0x0148, r28	; 0x800148 <score>
	
	
	// eliminacja mega A
	eliminacja = wrogowiemegaA1 & pociskiA;
     526:	20 91 54 01 	lds	r18, 0x0154	; 0x800154 <wrogowiemegaA1>
     52a:	30 91 55 01 	lds	r19, 0x0155	; 0x800155 <wrogowiemegaA1+0x1>
     52e:	c7 01       	movw	r24, r14
     530:	82 23       	and	r24, r18
     532:	93 23       	and	r25, r19
     534:	90 93 57 01 	sts	0x0157, r25	; 0x800157 <eliminacja+0x1>
     538:	80 93 56 01 	sts	0x0156, r24	; 0x800156 <eliminacja>
	wrogowiemegaA1 &= ~eliminacja;
     53c:	ac 01       	movw	r20, r24
     53e:	40 95       	com	r20
     540:	50 95       	com	r21
     542:	24 23       	and	r18, r20
     544:	35 23       	and	r19, r21
     546:	30 93 55 01 	sts	0x0155, r19	; 0x800155 <wrogowiemegaA1+0x1>
     54a:	20 93 54 01 	sts	0x0154, r18	; 0x800154 <wrogowiemegaA1>
	pociskiA &= ~eliminacja;
     54e:	e4 22       	and	r14, r20
     550:	f5 22       	and	r15, r21
     552:	f0 92 5b 01 	sts	0x015B, r15	; 0x80015b <pociskiA+0x1>
     556:	e0 92 5a 01 	sts	0x015A, r14	; 0x80015a <pociskiA>
	
	// SFX
	if (eliminacja) if (sfx_which!=sfxZycie) sfx_which = sfxMega;
     55a:	00 97       	sbiw	r24, 0x00	; 0
     55c:	39 f0       	breq	.+14     	; 0x56c <check_i_eliminacja+0x116>
     55e:	20 91 41 01 	lds	r18, 0x0141	; 0x800141 <sfx_which>
     562:	24 30       	cpi	r18, 0x04	; 4
     564:	19 f0       	breq	.+6      	; 0x56c <check_i_eliminacja+0x116>
     566:	23 e0       	ldi	r18, 0x03	; 3
     568:	20 93 41 01 	sts	0x0141, r18	; 0x800141 <sfx_which>
	// dodaj do score
	score += count_destructive(eliminacja);
     56c:	0e 94 1f 02 	call	0x43e	; 0x43e <count_destructive>
     570:	c8 0f       	add	r28, r24
     572:	d1 1d       	adc	r29, r1
     574:	d0 93 49 01 	sts	0x0149, r29	; 0x800149 <score+0x1>
     578:	c0 93 48 01 	sts	0x0148, r28	; 0x800148 <score>
	
	eliminacja = wrogowiemegaA2 & pociskiA;
     57c:	40 91 52 01 	lds	r20, 0x0152	; 0x800152 <wrogowiemegaA2>
     580:	50 91 53 01 	lds	r21, 0x0153	; 0x800153 <wrogowiemegaA2+0x1>
     584:	c7 01       	movw	r24, r14
     586:	84 23       	and	r24, r20
     588:	95 23       	and	r25, r21
     58a:	90 93 57 01 	sts	0x0157, r25	; 0x800157 <eliminacja+0x1>
     58e:	80 93 56 01 	sts	0x0156, r24	; 0x800156 <eliminacja>
	wrogowiemegaA2 &= ~eliminacja;
     592:	9c 01       	movw	r18, r24
     594:	20 95       	com	r18
     596:	30 95       	com	r19
     598:	42 23       	and	r20, r18
     59a:	53 23       	and	r21, r19
     59c:	50 93 53 01 	sts	0x0153, r21	; 0x800153 <wrogowiemegaA2+0x1>
     5a0:	40 93 52 01 	sts	0x0152, r20	; 0x800152 <wrogowiemegaA2>
	pociskiA &= ~eliminacja;
     5a4:	e2 22       	and	r14, r18
     5a6:	f3 22       	and	r15, r19
     5a8:	f0 92 5b 01 	sts	0x015B, r15	; 0x80015b <pociskiA+0x1>
     5ac:	e0 92 5a 01 	sts	0x015A, r14	; 0x80015a <pociskiA>
	
	// SFX
	if (eliminacja) if (sfx_which!=sfxZycie) sfx_which = sfxMega;
     5b0:	00 97       	sbiw	r24, 0x00	; 0
     5b2:	39 f0       	breq	.+14     	; 0x5c2 <check_i_eliminacja+0x16c>
     5b4:	20 91 41 01 	lds	r18, 0x0141	; 0x800141 <sfx_which>
     5b8:	24 30       	cpi	r18, 0x04	; 4
     5ba:	19 f0       	breq	.+6      	; 0x5c2 <check_i_eliminacja+0x16c>
     5bc:	23 e0       	ldi	r18, 0x03	; 3
     5be:	20 93 41 01 	sts	0x0141, r18	; 0x800141 <sfx_which>
	// dodaj do score
	score += count_destructive(eliminacja);
     5c2:	0e 94 1f 02 	call	0x43e	; 0x43e <count_destructive>
     5c6:	c8 0f       	add	r28, r24
     5c8:	d1 1d       	adc	r29, r1
     5ca:	d0 93 49 01 	sts	0x0149, r29	; 0x800149 <score+0x1>
     5ce:	c0 93 48 01 	sts	0x0148, r28	; 0x800148 <score>
	
	
	// eliminacja mega B
	eliminacja = wrogowiemegaB1 & pociskiB;
     5d2:	20 91 50 01 	lds	r18, 0x0150	; 0x800150 <wrogowiemegaB1>
     5d6:	30 91 51 01 	lds	r19, 0x0151	; 0x800151 <wrogowiemegaB1+0x1>
     5da:	c8 01       	movw	r24, r16
     5dc:	82 23       	and	r24, r18
     5de:	93 23       	and	r25, r19
     5e0:	90 93 57 01 	sts	0x0157, r25	; 0x800157 <eliminacja+0x1>
     5e4:	80 93 56 01 	sts	0x0156, r24	; 0x800156 <eliminacja>
	wrogowiemegaB1 &= ~eliminacja;
     5e8:	ac 01       	movw	r20, r24
     5ea:	40 95       	com	r20
     5ec:	50 95       	com	r21
     5ee:	24 23       	and	r18, r20
     5f0:	35 23       	and	r19, r21
     5f2:	30 93 51 01 	sts	0x0151, r19	; 0x800151 <wrogowiemegaB1+0x1>
     5f6:	20 93 50 01 	sts	0x0150, r18	; 0x800150 <wrogowiemegaB1>
	pociskiB &= ~eliminacja;
     5fa:	04 23       	and	r16, r20
     5fc:	15 23       	and	r17, r21
     5fe:	10 93 59 01 	sts	0x0159, r17	; 0x800159 <pociskiB+0x1>
     602:	00 93 58 01 	sts	0x0158, r16	; 0x800158 <pociskiB>
	
	// SFX
	if (eliminacja) if (sfx_which!=sfxZycie) sfx_which = sfxMega;
     606:	00 97       	sbiw	r24, 0x00	; 0
     608:	39 f0       	breq	.+14     	; 0x618 <check_i_eliminacja+0x1c2>
     60a:	20 91 41 01 	lds	r18, 0x0141	; 0x800141 <sfx_which>
     60e:	24 30       	cpi	r18, 0x04	; 4
     610:	19 f0       	breq	.+6      	; 0x618 <check_i_eliminacja+0x1c2>
     612:	23 e0       	ldi	r18, 0x03	; 3
     614:	20 93 41 01 	sts	0x0141, r18	; 0x800141 <sfx_which>
	// dodaj do score
	score += count_destructive(eliminacja);
     618:	0e 94 1f 02 	call	0x43e	; 0x43e <count_destructive>
     61c:	c8 0f       	add	r28, r24
     61e:	d1 1d       	adc	r29, r1
     620:	d0 93 49 01 	sts	0x0149, r29	; 0x800149 <score+0x1>
     624:	c0 93 48 01 	sts	0x0148, r28	; 0x800148 <score>
	
	eliminacja = wrogowiemegaB2 & pociskiB;
     628:	40 91 4e 01 	lds	r20, 0x014E	; 0x80014e <wrogowiemegaB2>
     62c:	50 91 4f 01 	lds	r21, 0x014F	; 0x80014f <wrogowiemegaB2+0x1>
     630:	c8 01       	movw	r24, r16
     632:	84 23       	and	r24, r20
     634:	95 23       	and	r25, r21
     636:	90 93 57 01 	sts	0x0157, r25	; 0x800157 <eliminacja+0x1>
     63a:	80 93 56 01 	sts	0x0156, r24	; 0x800156 <eliminacja>
	wrogowiemegaB2 &= ~eliminacja;
     63e:	9c 01       	movw	r18, r24
     640:	20 95       	com	r18
     642:	30 95       	com	r19
     644:	42 23       	and	r20, r18
     646:	53 23       	and	r21, r19
     648:	50 93 4f 01 	sts	0x014F, r21	; 0x80014f <wrogowiemegaB2+0x1>
     64c:	40 93 4e 01 	sts	0x014E, r20	; 0x80014e <wrogowiemegaB2>
	pociskiB &= ~eliminacja;
     650:	02 23       	and	r16, r18
     652:	13 23       	and	r17, r19
     654:	10 93 59 01 	sts	0x0159, r17	; 0x800159 <pociskiB+0x1>
     658:	00 93 58 01 	sts	0x0158, r16	; 0x800158 <pociskiB>
	
	// SFX
	if (eliminacja) if (sfx_which!=sfxZycie) sfx_which = sfxMega;
     65c:	00 97       	sbiw	r24, 0x00	; 0
     65e:	39 f0       	breq	.+14     	; 0x66e <check_i_eliminacja+0x218>
     660:	20 91 41 01 	lds	r18, 0x0141	; 0x800141 <sfx_which>
     664:	24 30       	cpi	r18, 0x04	; 4
     666:	19 f0       	breq	.+6      	; 0x66e <check_i_eliminacja+0x218>
     668:	23 e0       	ldi	r18, 0x03	; 3
     66a:	20 93 41 01 	sts	0x0141, r18	; 0x800141 <sfx_which>
	// dodaj do score
	score += count_destructive(eliminacja);
     66e:	0e 94 1f 02 	call	0x43e	; 0x43e <count_destructive>
     672:	c8 0f       	add	r28, r24
     674:	d1 1d       	adc	r29, r1
     676:	d0 93 49 01 	sts	0x0149, r29	; 0x800149 <score+0x1>
     67a:	c0 93 48 01 	sts	0x0148, r28	; 0x800148 <score>
}
     67e:	df 91       	pop	r29
     680:	cf 91       	pop	r28
     682:	1f 91       	pop	r17
     684:	0f 91       	pop	r16
     686:	ff 90       	pop	r15
     688:	ef 90       	pop	r14
     68a:	08 95       	ret

0000068c <ruch>:
{	
	
	static uint8_t co2 = 0;
	static uint8_t megaliczA = 0;
	static uint8_t megaliczB = 0;
	if(!co2){
     68c:	80 91 40 01 	lds	r24, 0x0140	; 0x800140 <co2.2025>
     690:	81 11       	cpse	r24, r1
     692:	fa c0       	rjmp	.+500    	; 0x888 <__stack+0x29>
		
		// ruch mega
		wrogowiemegaA1 >>= 1;
     694:	80 91 54 01 	lds	r24, 0x0154	; 0x800154 <wrogowiemegaA1>
     698:	90 91 55 01 	lds	r25, 0x0155	; 0x800155 <wrogowiemegaA1+0x1>
     69c:	96 95       	lsr	r25
     69e:	87 95       	ror	r24
     6a0:	90 93 55 01 	sts	0x0155, r25	; 0x800155 <wrogowiemegaA1+0x1>
     6a4:	80 93 54 01 	sts	0x0154, r24	; 0x800154 <wrogowiemegaA1>
		wrogowiemegaA2 >>= 1;
     6a8:	80 91 52 01 	lds	r24, 0x0152	; 0x800152 <wrogowiemegaA2>
     6ac:	90 91 53 01 	lds	r25, 0x0153	; 0x800153 <wrogowiemegaA2+0x1>
     6b0:	96 95       	lsr	r25
     6b2:	87 95       	ror	r24
     6b4:	90 93 53 01 	sts	0x0153, r25	; 0x800153 <wrogowiemegaA2+0x1>
     6b8:	80 93 52 01 	sts	0x0152, r24	; 0x800152 <wrogowiemegaA2>
		wrogowiemegaB1 >>= 1;
     6bc:	80 91 50 01 	lds	r24, 0x0150	; 0x800150 <wrogowiemegaB1>
     6c0:	90 91 51 01 	lds	r25, 0x0151	; 0x800151 <wrogowiemegaB1+0x1>
     6c4:	96 95       	lsr	r25
     6c6:	87 95       	ror	r24
     6c8:	90 93 51 01 	sts	0x0151, r25	; 0x800151 <wrogowiemegaB1+0x1>
     6cc:	80 93 50 01 	sts	0x0150, r24	; 0x800150 <wrogowiemegaB1>
		wrogowiemegaB2 >>= 1;
     6d0:	80 91 4e 01 	lds	r24, 0x014E	; 0x80014e <wrogowiemegaB2>
     6d4:	90 91 4f 01 	lds	r25, 0x014F	; 0x80014f <wrogowiemegaB2+0x1>
     6d8:	96 95       	lsr	r25
     6da:	87 95       	ror	r24
     6dc:	90 93 4f 01 	sts	0x014F, r25	; 0x80014f <wrogowiemegaB2+0x1>
     6e0:	80 93 4e 01 	sts	0x014E, r24	; 0x80014e <wrogowiemegaB2>
		
		//zamiana miejsc
		if((fast_rand() < 25)&!(wrogowiemegaA2&wrogowieB)&!(wrogowiemegaB2&wrogowieA)){
     6e4:	0e 94 65 00 	call	0xca	; 0xca <fast_rand>
     6e8:	20 91 5c 01 	lds	r18, 0x015C	; 0x80015c <wrogowieB>
     6ec:	30 91 5d 01 	lds	r19, 0x015D	; 0x80015d <wrogowieB+0x1>
     6f0:	40 91 52 01 	lds	r20, 0x0152	; 0x800152 <wrogowiemegaA2>
     6f4:	50 91 53 01 	lds	r21, 0x0153	; 0x800153 <wrogowiemegaA2+0x1>
     6f8:	42 23       	and	r20, r18
     6fa:	53 23       	and	r21, r19
     6fc:	91 e0       	ldi	r25, 0x01	; 1
     6fe:	89 31       	cpi	r24, 0x19	; 25
     700:	08 f0       	brcs	.+2      	; 0x704 <ruch+0x78>
     702:	90 e0       	ldi	r25, 0x00	; 0
     704:	81 e0       	ldi	r24, 0x01	; 1
     706:	45 2b       	or	r20, r21
     708:	09 f0       	breq	.+2      	; 0x70c <ruch+0x80>
     70a:	80 e0       	ldi	r24, 0x00	; 0
     70c:	89 23       	and	r24, r25
     70e:	40 91 5e 01 	lds	r20, 0x015E	; 0x80015e <wrogowieA>
     712:	50 91 5f 01 	lds	r21, 0x015F	; 0x80015f <wrogowieA+0x1>
     716:	60 91 4e 01 	lds	r22, 0x014E	; 0x80014e <wrogowiemegaB2>
     71a:	70 91 4f 01 	lds	r23, 0x014F	; 0x80014f <wrogowiemegaB2+0x1>
     71e:	64 23       	and	r22, r20
     720:	75 23       	and	r23, r21
     722:	91 e0       	ldi	r25, 0x01	; 1
     724:	67 2b       	or	r22, r23
     726:	09 f0       	breq	.+2      	; 0x72a <ruch+0x9e>
     728:	90 e0       	ldi	r25, 0x00	; 0
     72a:	88 23       	and	r24, r24
     72c:	59 f0       	breq	.+22     	; 0x744 <ruch+0xb8>
     72e:	99 23       	and	r25, r25
     730:	49 f0       	breq	.+18     	; 0x744 <ruch+0xb8>
			uint16_t wrog_temp = wrogowieA;
			wrogowieA = wrogowieB;
     732:	30 93 5f 01 	sts	0x015F, r19	; 0x80015f <wrogowieA+0x1>
     736:	20 93 5e 01 	sts	0x015E, r18	; 0x80015e <wrogowieA>
			wrogowieB = wrog_temp;
     73a:	50 93 5d 01 	sts	0x015D, r21	; 0x80015d <wrogowieB+0x1>
     73e:	40 93 5c 01 	sts	0x015C, r20	; 0x80015c <wrogowieB>
     742:	0c c0       	rjmp	.+24     	; 0x75c <ruch+0xd0>
		} else{
			// ruch
			wrogowieA >>= 1;
     744:	56 95       	lsr	r21
     746:	47 95       	ror	r20
     748:	50 93 5f 01 	sts	0x015F, r21	; 0x80015f <wrogowieA+0x1>
     74c:	40 93 5e 01 	sts	0x015E, r20	; 0x80015e <wrogowieA>
			wrogowieB >>= 1;
     750:	36 95       	lsr	r19
     752:	27 95       	ror	r18
     754:	30 93 5d 01 	sts	0x015D, r19	; 0x80015d <wrogowieB+0x1>
     758:	20 93 5c 01 	sts	0x015C, r18	; 0x80015c <wrogowieB>
		}
		
		// spawnowanie wrogow A
		if(megaliczA == 0){
     75c:	80 91 3f 01 	lds	r24, 0x013F	; 0x80013f <megaliczA.2026>
     760:	81 11       	cpse	r24, r1
     762:	32 c0       	rjmp	.+100    	; 0x7c8 <ruch+0x13c>
			if(fast_rand() < trudnosc_mega)
     764:	0e 94 65 00 	call	0xca	; 0xca <fast_rand>
     768:	90 91 74 00 	lds	r25, 0x0074	; 0x800074 <trudnosc_mega>
     76c:	89 17       	cp	r24, r25
     76e:	b0 f4       	brcc	.+44     	; 0x79c <ruch+0x110>
			{
				// spawn pierwszy mocny
				megaliczA = 1;
     770:	81 e0       	ldi	r24, 0x01	; 1
     772:	80 93 3f 01 	sts	0x013F, r24	; 0x80013f <megaliczA.2026>
				wrogowiemegaA1 |= 1<<15;
     776:	80 91 54 01 	lds	r24, 0x0154	; 0x800154 <wrogowiemegaA1>
     77a:	90 91 55 01 	lds	r25, 0x0155	; 0x800155 <wrogowiemegaA1+0x1>
     77e:	90 68       	ori	r25, 0x80	; 128
     780:	90 93 55 01 	sts	0x0155, r25	; 0x800155 <wrogowiemegaA1+0x1>
     784:	80 93 54 01 	sts	0x0154, r24	; 0x800154 <wrogowiemegaA1>
				wrogowiemegaA2 |= 1<<15;
     788:	80 91 52 01 	lds	r24, 0x0152	; 0x800152 <wrogowiemegaA2>
     78c:	90 91 53 01 	lds	r25, 0x0153	; 0x800153 <wrogowiemegaA2+0x1>
     790:	90 68       	ori	r25, 0x80	; 128
     792:	90 93 53 01 	sts	0x0153, r25	; 0x800153 <wrogowiemegaA2+0x1>
     796:	80 93 52 01 	sts	0x0152, r24	; 0x800152 <wrogowiemegaA2>
     79a:	2a c0       	rjmp	.+84     	; 0x7f0 <ruch+0x164>
			} 
			//spawn zwykly A
			else wrogowieA |= (fast_rand() < trudnosc)<<15; 
     79c:	0e 94 65 00 	call	0xca	; 0xca <fast_rand>
     7a0:	90 91 75 00 	lds	r25, 0x0075	; 0x800075 <trudnosc>
     7a4:	89 17       	cp	r24, r25
     7a6:	18 f4       	brcc	.+6      	; 0x7ae <ruch+0x122>
     7a8:	80 e0       	ldi	r24, 0x00	; 0
     7aa:	90 e8       	ldi	r25, 0x80	; 128
     7ac:	02 c0       	rjmp	.+4      	; 0x7b2 <ruch+0x126>
     7ae:	80 e0       	ldi	r24, 0x00	; 0
     7b0:	90 e0       	ldi	r25, 0x00	; 0
     7b2:	20 91 5e 01 	lds	r18, 0x015E	; 0x80015e <wrogowieA>
     7b6:	30 91 5f 01 	lds	r19, 0x015F	; 0x80015f <wrogowieA+0x1>
     7ba:	82 2b       	or	r24, r18
     7bc:	93 2b       	or	r25, r19
     7be:	90 93 5f 01 	sts	0x015F, r25	; 0x80015f <wrogowieA+0x1>
     7c2:	80 93 5e 01 	sts	0x015E, r24	; 0x80015e <wrogowieA>
     7c6:	14 c0       	rjmp	.+40     	; 0x7f0 <ruch+0x164>
		} else
		{
			// spawn drugi mocny
			wrogowiemegaA1 |= 1<<15;
     7c8:	80 91 54 01 	lds	r24, 0x0154	; 0x800154 <wrogowiemegaA1>
     7cc:	90 91 55 01 	lds	r25, 0x0155	; 0x800155 <wrogowiemegaA1+0x1>
     7d0:	90 68       	ori	r25, 0x80	; 128
     7d2:	90 93 55 01 	sts	0x0155, r25	; 0x800155 <wrogowiemegaA1+0x1>
     7d6:	80 93 54 01 	sts	0x0154, r24	; 0x800154 <wrogowiemegaA1>
			wrogowiemegaA2 |= 1<<15;
     7da:	80 91 52 01 	lds	r24, 0x0152	; 0x800152 <wrogowiemegaA2>
     7de:	90 91 53 01 	lds	r25, 0x0153	; 0x800153 <wrogowiemegaA2+0x1>
     7e2:	90 68       	ori	r25, 0x80	; 128
     7e4:	90 93 53 01 	sts	0x0153, r25	; 0x800153 <wrogowiemegaA2+0x1>
     7e8:	80 93 52 01 	sts	0x0152, r24	; 0x800152 <wrogowiemegaA2>
			megaliczA = 0;
     7ec:	10 92 3f 01 	sts	0x013F, r1	; 0x80013f <megaliczA.2026>
		}
		
		// spawnowanie wrogow B
		if(megaliczB == 0){
     7f0:	80 91 3e 01 	lds	r24, 0x013E	; 0x80013e <__data_end>
     7f4:	81 11       	cpse	r24, r1
     7f6:	32 c0       	rjmp	.+100    	; 0x85c <__DATA_REGION_LENGTH__+0x5c>
			if(fast_rand() < trudnosc_mega)
     7f8:	0e 94 65 00 	call	0xca	; 0xca <fast_rand>
     7fc:	90 91 74 00 	lds	r25, 0x0074	; 0x800074 <trudnosc_mega>
     800:	89 17       	cp	r24, r25
     802:	b0 f4       	brcc	.+44     	; 0x830 <__DATA_REGION_LENGTH__+0x30>
			{
				// spawn pierwszy mocny
				megaliczB = 1;
     804:	81 e0       	ldi	r24, 0x01	; 1
     806:	80 93 3e 01 	sts	0x013E, r24	; 0x80013e <__data_end>
				wrogowiemegaB1 |= 1<<15;
     80a:	80 91 50 01 	lds	r24, 0x0150	; 0x800150 <wrogowiemegaB1>
     80e:	90 91 51 01 	lds	r25, 0x0151	; 0x800151 <wrogowiemegaB1+0x1>
     812:	90 68       	ori	r25, 0x80	; 128
     814:	90 93 51 01 	sts	0x0151, r25	; 0x800151 <wrogowiemegaB1+0x1>
     818:	80 93 50 01 	sts	0x0150, r24	; 0x800150 <wrogowiemegaB1>
				wrogowiemegaB2 |= 1<<15;
     81c:	80 91 4e 01 	lds	r24, 0x014E	; 0x80014e <wrogowiemegaB2>
     820:	90 91 4f 01 	lds	r25, 0x014F	; 0x80014f <wrogowiemegaB2+0x1>
     824:	90 68       	ori	r25, 0x80	; 128
     826:	90 93 4f 01 	sts	0x014F, r25	; 0x80014f <wrogowiemegaB2+0x1>
     82a:	80 93 4e 01 	sts	0x014E, r24	; 0x80014e <wrogowiemegaB2>
     82e:	2a c0       	rjmp	.+84     	; 0x884 <__stack+0x25>
			}
			//spawn zwykly B
			else wrogowieB |= (fast_rand() < trudnosc)<<15;
     830:	0e 94 65 00 	call	0xca	; 0xca <fast_rand>
     834:	90 91 75 00 	lds	r25, 0x0075	; 0x800075 <trudnosc>
     838:	89 17       	cp	r24, r25
     83a:	18 f4       	brcc	.+6      	; 0x842 <__DATA_REGION_LENGTH__+0x42>
     83c:	80 e0       	ldi	r24, 0x00	; 0
     83e:	90 e8       	ldi	r25, 0x80	; 128
     840:	02 c0       	rjmp	.+4      	; 0x846 <__DATA_REGION_LENGTH__+0x46>
     842:	80 e0       	ldi	r24, 0x00	; 0
     844:	90 e0       	ldi	r25, 0x00	; 0
     846:	20 91 5c 01 	lds	r18, 0x015C	; 0x80015c <wrogowieB>
     84a:	30 91 5d 01 	lds	r19, 0x015D	; 0x80015d <wrogowieB+0x1>
     84e:	82 2b       	or	r24, r18
     850:	93 2b       	or	r25, r19
     852:	90 93 5d 01 	sts	0x015D, r25	; 0x80015d <wrogowieB+0x1>
     856:	80 93 5c 01 	sts	0x015C, r24	; 0x80015c <wrogowieB>
     85a:	14 c0       	rjmp	.+40     	; 0x884 <__stack+0x25>
		} else
		{
			// spawn drugi mocny
			wrogowiemegaB1 |= 1<<15;
     85c:	80 91 50 01 	lds	r24, 0x0150	; 0x800150 <wrogowiemegaB1>
     860:	90 91 51 01 	lds	r25, 0x0151	; 0x800151 <wrogowiemegaB1+0x1>
     864:	90 68       	ori	r25, 0x80	; 128
     866:	90 93 51 01 	sts	0x0151, r25	; 0x800151 <wrogowiemegaB1+0x1>
     86a:	80 93 50 01 	sts	0x0150, r24	; 0x800150 <wrogowiemegaB1>
			wrogowiemegaB2 |= 1<<15;
     86e:	80 91 4e 01 	lds	r24, 0x014E	; 0x80014e <wrogowiemegaB2>
     872:	90 91 4f 01 	lds	r25, 0x014F	; 0x80014f <wrogowiemegaB2+0x1>
     876:	90 68       	ori	r25, 0x80	; 128
     878:	90 93 4f 01 	sts	0x014F, r25	; 0x80014f <wrogowiemegaB2+0x1>
     87c:	80 93 4e 01 	sts	0x014E, r24	; 0x80014e <wrogowiemegaB2>
			megaliczB = 0;
     880:	10 92 3e 01 	sts	0x013E, r1	; 0x80013e <__data_end>
		}
		
		check_i_eliminacja();
     884:	0e 94 2b 02 	call	0x456	; 0x456 <check_i_eliminacja>
	}
	//co2^=1;
	if (co2++==2) co2 = 0;
     888:	80 91 40 01 	lds	r24, 0x0140	; 0x800140 <co2.2025>
     88c:	91 e0       	ldi	r25, 0x01	; 1
     88e:	98 0f       	add	r25, r24
     890:	90 93 40 01 	sts	0x0140, r25	; 0x800140 <co2.2025>
     894:	82 30       	cpi	r24, 0x02	; 2
     896:	11 f4       	brne	.+4      	; 0x89c <__stack+0x3d>
     898:	10 92 40 01 	sts	0x0140, r1	; 0x800140 <co2.2025>
	
	// zycie za pociski
	if(pociskiA & (1<<15)) {zycie--; sfx_which=sfxZycie;}
     89c:	20 91 5a 01 	lds	r18, 0x015A	; 0x80015a <pociskiA>
     8a0:	30 91 5b 01 	lds	r19, 0x015B	; 0x80015b <pociskiA+0x1>
     8a4:	33 23       	and	r19, r19
     8a6:	44 f4       	brge	.+16     	; 0x8b8 <__stack+0x59>
     8a8:	80 91 71 00 	lds	r24, 0x0071	; 0x800071 <zycie>
     8ac:	81 50       	subi	r24, 0x01	; 1
     8ae:	80 93 71 00 	sts	0x0071, r24	; 0x800071 <zycie>
     8b2:	84 e0       	ldi	r24, 0x04	; 4
     8b4:	80 93 41 01 	sts	0x0141, r24	; 0x800141 <sfx_which>
	if(pociskiB & (1<<15)) {zycie--; sfx_which=sfxZycie;}
     8b8:	80 91 58 01 	lds	r24, 0x0158	; 0x800158 <pociskiB>
     8bc:	90 91 59 01 	lds	r25, 0x0159	; 0x800159 <pociskiB+0x1>
     8c0:	99 23       	and	r25, r25
     8c2:	44 f4       	brge	.+16     	; 0x8d4 <__stack+0x75>
     8c4:	40 91 71 00 	lds	r20, 0x0071	; 0x800071 <zycie>
     8c8:	41 50       	subi	r20, 0x01	; 1
     8ca:	40 93 71 00 	sts	0x0071, r20	; 0x800071 <zycie>
     8ce:	44 e0       	ldi	r20, 0x04	; 4
     8d0:	40 93 41 01 	sts	0x0141, r20	; 0x800141 <sfx_which>
	
	// zycie za wrogow
	if(wrogowieA & 1) {zycie--; wrogowieA &= ~1; sfx_which=sfxZycie;}
     8d4:	40 91 5e 01 	lds	r20, 0x015E	; 0x80015e <wrogowieA>
     8d8:	50 91 5f 01 	lds	r21, 0x015F	; 0x80015f <wrogowieA+0x1>
     8dc:	40 ff       	sbrs	r20, 0
     8de:	0d c0       	rjmp	.+26     	; 0x8fa <__stack+0x9b>
     8e0:	60 91 71 00 	lds	r22, 0x0071	; 0x800071 <zycie>
     8e4:	61 50       	subi	r22, 0x01	; 1
     8e6:	60 93 71 00 	sts	0x0071, r22	; 0x800071 <zycie>
     8ea:	4e 7f       	andi	r20, 0xFE	; 254
     8ec:	50 93 5f 01 	sts	0x015F, r21	; 0x80015f <wrogowieA+0x1>
     8f0:	40 93 5e 01 	sts	0x015E, r20	; 0x80015e <wrogowieA>
     8f4:	44 e0       	ldi	r20, 0x04	; 4
     8f6:	40 93 41 01 	sts	0x0141, r20	; 0x800141 <sfx_which>
	if(wrogowieB & 1) {zycie--; wrogowieB &= ~1; sfx_which=sfxZycie;}
     8fa:	40 91 5c 01 	lds	r20, 0x015C	; 0x80015c <wrogowieB>
     8fe:	50 91 5d 01 	lds	r21, 0x015D	; 0x80015d <wrogowieB+0x1>
     902:	40 ff       	sbrs	r20, 0
     904:	0d c0       	rjmp	.+26     	; 0x920 <__stack+0xc1>
     906:	60 91 71 00 	lds	r22, 0x0071	; 0x800071 <zycie>
     90a:	61 50       	subi	r22, 0x01	; 1
     90c:	60 93 71 00 	sts	0x0071, r22	; 0x800071 <zycie>
     910:	4e 7f       	andi	r20, 0xFE	; 254
     912:	50 93 5d 01 	sts	0x015D, r21	; 0x80015d <wrogowieB+0x1>
     916:	40 93 5c 01 	sts	0x015C, r20	; 0x80015c <wrogowieB>
     91a:	44 e0       	ldi	r20, 0x04	; 4
     91c:	40 93 41 01 	sts	0x0141, r20	; 0x800141 <sfx_which>
		
	// zycie za mocnych wrogow
	if(wrogowiemegaA2 & 1) {zycie--; wrogowiemegaA2&= ~1; sfx_which=sfxZycie;}
     920:	40 91 52 01 	lds	r20, 0x0152	; 0x800152 <wrogowiemegaA2>
     924:	50 91 53 01 	lds	r21, 0x0153	; 0x800153 <wrogowiemegaA2+0x1>
     928:	40 ff       	sbrs	r20, 0
     92a:	0d c0       	rjmp	.+26     	; 0x946 <__stack+0xe7>
     92c:	60 91 71 00 	lds	r22, 0x0071	; 0x800071 <zycie>
     930:	61 50       	subi	r22, 0x01	; 1
     932:	60 93 71 00 	sts	0x0071, r22	; 0x800071 <zycie>
     936:	4e 7f       	andi	r20, 0xFE	; 254
     938:	50 93 53 01 	sts	0x0153, r21	; 0x800153 <wrogowiemegaA2+0x1>
     93c:	40 93 52 01 	sts	0x0152, r20	; 0x800152 <wrogowiemegaA2>
     940:	44 e0       	ldi	r20, 0x04	; 4
     942:	40 93 41 01 	sts	0x0141, r20	; 0x800141 <sfx_which>
	if(wrogowiemegaB2 & 1) {zycie--; wrogowiemegaB2&= ~1; sfx_which=sfxZycie;}
     946:	40 91 4e 01 	lds	r20, 0x014E	; 0x80014e <wrogowiemegaB2>
     94a:	50 91 4f 01 	lds	r21, 0x014F	; 0x80014f <wrogowiemegaB2+0x1>
     94e:	40 ff       	sbrs	r20, 0
     950:	0d c0       	rjmp	.+26     	; 0x96c <__stack+0x10d>
     952:	60 91 71 00 	lds	r22, 0x0071	; 0x800071 <zycie>
     956:	61 50       	subi	r22, 0x01	; 1
     958:	60 93 71 00 	sts	0x0071, r22	; 0x800071 <zycie>
     95c:	4e 7f       	andi	r20, 0xFE	; 254
     95e:	50 93 4f 01 	sts	0x014F, r21	; 0x80014f <wrogowiemegaB2+0x1>
     962:	40 93 4e 01 	sts	0x014E, r20	; 0x80014e <wrogowiemegaB2>
     966:	44 e0       	ldi	r20, 0x04	; 4
     968:	40 93 41 01 	sts	0x0141, r20	; 0x800141 <sfx_which>
	
	pociskiA <<= 1;
     96c:	22 0f       	add	r18, r18
     96e:	33 1f       	adc	r19, r19
     970:	30 93 5b 01 	sts	0x015B, r19	; 0x80015b <pociskiA+0x1>
     974:	20 93 5a 01 	sts	0x015A, r18	; 0x80015a <pociskiA>
	pociskiB <<= 1;
     978:	88 0f       	add	r24, r24
     97a:	99 1f       	adc	r25, r25
     97c:	90 93 59 01 	sts	0x0159, r25	; 0x800159 <pociskiB+0x1>
     980:	80 93 58 01 	sts	0x0158, r24	; 0x800158 <pociskiB>
	
	// spawnowanie pociskow
	static uint8_t co2strzel = 1;
	if(strzel == 1)
     984:	40 91 4c 01 	lds	r20, 0x014C	; 0x80014c <strzel>
     988:	41 30       	cpi	r20, 0x01	; 1
     98a:	29 f5       	brne	.+74     	; 0x9d6 <__stack+0x177>
	{
		if (co2strzel++==1) co2strzel = 0;
     98c:	40 91 61 00 	lds	r20, 0x0061	; 0x800061 <co2strzel.2029>
     990:	51 e0       	ldi	r21, 0x01	; 1
     992:	54 0f       	add	r21, r20
     994:	50 93 61 00 	sts	0x0061, r21	; 0x800061 <co2strzel.2029>
     998:	41 30       	cpi	r20, 0x01	; 1
     99a:	19 f4       	brne	.+6      	; 0x9a2 <__stack+0x143>
     99c:	10 92 61 00 	sts	0x0061, r1	; 0x800061 <co2strzel.2029>
     9a0:	1d c0       	rjmp	.+58     	; 0x9dc <__stack+0x17d>
		else
		{
			// SFX
			if (sfx_which<sfxWrog) sfx_which = sfxStrzal;
     9a2:	40 91 41 01 	lds	r20, 0x0141	; 0x800141 <sfx_which>
     9a6:	42 30       	cpi	r20, 0x02	; 2
     9a8:	18 f4       	brcc	.+6      	; 0x9b0 <__stack+0x151>
     9aa:	41 e0       	ldi	r20, 0x01	; 1
     9ac:	40 93 41 01 	sts	0x0141, r20	; 0x800141 <sfx_which>
			switch (pozycja)
     9b0:	40 91 4d 01 	lds	r20, 0x014D	; 0x80014d <pozycja>
     9b4:	44 23       	and	r20, r20
     9b6:	19 f0       	breq	.+6      	; 0x9be <__stack+0x15f>
     9b8:	41 30       	cpi	r20, 0x01	; 1
     9ba:	39 f0       	breq	.+14     	; 0x9ca <__stack+0x16b>
     9bc:	0f c0       	rjmp	.+30     	; 0x9dc <__stack+0x17d>
			{
				case 0: pociskiA |= 2;
     9be:	22 60       	ori	r18, 0x02	; 2
     9c0:	30 93 5b 01 	sts	0x015B, r19	; 0x80015b <pociskiA+0x1>
     9c4:	20 93 5a 01 	sts	0x015A, r18	; 0x80015a <pociskiA>
				break;
     9c8:	09 c0       	rjmp	.+18     	; 0x9dc <__stack+0x17d>
				case 1: pociskiB |= 2;
     9ca:	82 60       	ori	r24, 0x02	; 2
     9cc:	90 93 59 01 	sts	0x0159, r25	; 0x800159 <pociskiB+0x1>
     9d0:	80 93 58 01 	sts	0x0158, r24	; 0x800158 <pociskiB>
				break;
     9d4:	03 c0       	rjmp	.+6      	; 0x9dc <__stack+0x17d>
			}
		}
		
	} else co2strzel = 1;
     9d6:	81 e0       	ldi	r24, 0x01	; 1
     9d8:	80 93 61 00 	sts	0x0061, r24	; 0x800061 <co2strzel.2029>
	
	check_i_eliminacja();
     9dc:	0e 94 2b 02 	call	0x456	; 0x456 <check_i_eliminacja>
     9e0:	08 95       	ret

000009e2 <LCD_ekran_odswiez>:
}

void LCD_ekran_odswiez()
{
     9e2:	ef 92       	push	r14
     9e4:	ff 92       	push	r15
     9e6:	0f 93       	push	r16
     9e8:	1f 93       	push	r17
     9ea:	cf 93       	push	r28
     9ec:	df 93       	push	r29
	uint8_t megaA = 0;
	uint8_t megaB = 0;
	
	for (uint8_t i = 1; i < 16; i++)
     9ee:	11 e0       	ldi	r17, 0x01	; 1
}

void LCD_ekran_odswiez()
{
	uint8_t megaA = 0;
	uint8_t megaB = 0;
     9f0:	f1 2c       	mov	r15, r1
	check_i_eliminacja();
}

void LCD_ekran_odswiez()
{
	uint8_t megaA = 0;
     9f2:	00 e0       	ldi	r16, 0x00	; 0
	uint8_t megaB = 0;
	
	for (uint8_t i = 1; i < 16; i++)
     9f4:	76 c0       	rjmp	.+236    	; 0xae2 <LCD_ekran_odswiez+0x100>
	{
		// uzupelnianie linii A
		if(wrogowiemegaA2 & 1<<i)
     9f6:	c1 e0       	ldi	r28, 0x01	; 1
     9f8:	d0 e0       	ldi	r29, 0x00	; 0
     9fa:	01 2e       	mov	r0, r17
     9fc:	02 c0       	rjmp	.+4      	; 0xa02 <LCD_ekran_odswiez+0x20>
     9fe:	cc 0f       	add	r28, r28
     a00:	dd 1f       	adc	r29, r29
     a02:	0a 94       	dec	r0
     a04:	e2 f7       	brpl	.-8      	; 0x9fe <LCD_ekran_odswiez+0x1c>
     a06:	80 91 52 01 	lds	r24, 0x0152	; 0x800152 <wrogowiemegaA2>
     a0a:	90 91 53 01 	lds	r25, 0x0153	; 0x800153 <wrogowiemegaA2+0x1>
     a0e:	8c 23       	and	r24, r28
     a10:	9d 23       	and	r25, r29
     a12:	89 2b       	or	r24, r25
     a14:	89 f0       	breq	.+34     	; 0xa38 <LCD_ekran_odswiez+0x56>
		{
			// mega
			if(megaA++ == 0)
     a16:	ee 24       	eor	r14, r14
     a18:	e3 94       	inc	r14
     a1a:	e0 0e       	add	r14, r16
     a1c:	01 11       	cpse	r16, r1
     a1e:	06 c0       	rjmp	.+12     	; 0xa2c <LCD_ekran_odswiez+0x4a>
			LCD_zpA(znMegaPrz,i);
     a20:	61 2f       	mov	r22, r17
     a22:	82 e0       	ldi	r24, 0x02	; 2
     a24:	0e 94 4b 01 	call	0x296	; 0x296 <LCD_zpA>
	{
		// uzupelnianie linii A
		if(wrogowiemegaA2 & 1<<i)
		{
			// mega
			if(megaA++ == 0)
     a28:	0e 2d       	mov	r16, r14
     a2a:	24 c0       	rjmp	.+72     	; 0xa74 <LCD_ekran_odswiez+0x92>
			LCD_zpA(znMegaPrz,i);
			else {
			LCD_zpA(znMegaTyl,i);
     a2c:	61 2f       	mov	r22, r17
     a2e:	83 e0       	ldi	r24, 0x03	; 3
     a30:	0e 94 4b 01 	call	0x296	; 0x296 <LCD_zpA>
			megaA = 0;
     a34:	00 e0       	ldi	r16, 0x00	; 0
     a36:	1e c0       	rjmp	.+60     	; 0xa74 <LCD_ekran_odswiez+0x92>
			}
		} else{
			if(wrogowieA & 1<<i) 
     a38:	80 91 5e 01 	lds	r24, 0x015E	; 0x80015e <wrogowieA>
     a3c:	90 91 5f 01 	lds	r25, 0x015F	; 0x80015f <wrogowieA+0x1>
     a40:	8c 23       	and	r24, r28
     a42:	9d 23       	and	r25, r29
     a44:	89 2b       	or	r24, r25
     a46:	29 f0       	breq	.+10     	; 0xa52 <LCD_ekran_odswiez+0x70>
			LCD_zpA(znWrog,i);
     a48:	61 2f       	mov	r22, r17
     a4a:	81 e0       	ldi	r24, 0x01	; 1
     a4c:	0e 94 4b 01 	call	0x296	; 0x296 <LCD_zpA>
     a50:	11 c0       	rjmp	.+34     	; 0xa74 <LCD_ekran_odswiez+0x92>
			else if(pociskiA & 1<<i) 
     a52:	80 91 5a 01 	lds	r24, 0x015A	; 0x80015a <pociskiA>
     a56:	90 91 5b 01 	lds	r25, 0x015B	; 0x80015b <pociskiA+0x1>
     a5a:	8c 23       	and	r24, r28
     a5c:	9d 23       	and	r25, r29
     a5e:	89 2b       	or	r24, r25
     a60:	29 f0       	breq	.+10     	; 0xa6c <LCD_ekran_odswiez+0x8a>
			LCD_zpA(znPocisk,i);
     a62:	61 2f       	mov	r22, r17
     a64:	8d e3       	ldi	r24, 0x3D	; 61
     a66:	0e 94 4b 01 	call	0x296	; 0x296 <LCD_zpA>
     a6a:	04 c0       	rjmp	.+8      	; 0xa74 <LCD_ekran_odswiez+0x92>
			else
			LCD_zpA(znNic,i);
     a6c:	61 2f       	mov	r22, r17
     a6e:	80 e2       	ldi	r24, 0x20	; 32
     a70:	0e 94 4b 01 	call	0x296	; 0x296 <LCD_zpA>
		}
		
		// uzupelnianie linii B
		if(wrogowiemegaB2 & 1<<i)
     a74:	80 91 4e 01 	lds	r24, 0x014E	; 0x80014e <wrogowiemegaB2>
     a78:	90 91 4f 01 	lds	r25, 0x014F	; 0x80014f <wrogowiemegaB2+0x1>
     a7c:	8c 23       	and	r24, r28
     a7e:	9d 23       	and	r25, r29
     a80:	89 2b       	or	r24, r25
     a82:	81 f0       	breq	.+32     	; 0xaa4 <LCD_ekran_odswiez+0xc2>
		{
			// mega
			if(megaB++ == 0)
     a84:	c1 e0       	ldi	r28, 0x01	; 1
     a86:	cf 0d       	add	r28, r15
     a88:	f1 10       	cpse	r15, r1
     a8a:	06 c0       	rjmp	.+12     	; 0xa98 <LCD_ekran_odswiez+0xb6>
			LCD_zpB(znMegaPrz,i);
     a8c:	61 2f       	mov	r22, r17
     a8e:	82 e0       	ldi	r24, 0x02	; 2
     a90:	0e 94 5c 01 	call	0x2b8	; 0x2b8 <LCD_zpB>
		
		// uzupelnianie linii B
		if(wrogowiemegaB2 & 1<<i)
		{
			// mega
			if(megaB++ == 0)
     a94:	fc 2e       	mov	r15, r28
     a96:	24 c0       	rjmp	.+72     	; 0xae0 <LCD_ekran_odswiez+0xfe>
			LCD_zpB(znMegaPrz,i);
			else {
			LCD_zpB(znMegaTyl,i);
     a98:	61 2f       	mov	r22, r17
     a9a:	83 e0       	ldi	r24, 0x03	; 3
     a9c:	0e 94 5c 01 	call	0x2b8	; 0x2b8 <LCD_zpB>
			megaB = 0;
     aa0:	f1 2c       	mov	r15, r1
     aa2:	1e c0       	rjmp	.+60     	; 0xae0 <LCD_ekran_odswiez+0xfe>
			}
		} else{
			if(wrogowieB & 1<<i)
     aa4:	80 91 5c 01 	lds	r24, 0x015C	; 0x80015c <wrogowieB>
     aa8:	90 91 5d 01 	lds	r25, 0x015D	; 0x80015d <wrogowieB+0x1>
     aac:	8c 23       	and	r24, r28
     aae:	9d 23       	and	r25, r29
     ab0:	89 2b       	or	r24, r25
     ab2:	29 f0       	breq	.+10     	; 0xabe <LCD_ekran_odswiez+0xdc>
			LCD_zpB(znWrog,i);
     ab4:	61 2f       	mov	r22, r17
     ab6:	81 e0       	ldi	r24, 0x01	; 1
     ab8:	0e 94 5c 01 	call	0x2b8	; 0x2b8 <LCD_zpB>
     abc:	11 c0       	rjmp	.+34     	; 0xae0 <LCD_ekran_odswiez+0xfe>
			else if(pociskiB & 1<<i)
     abe:	80 91 58 01 	lds	r24, 0x0158	; 0x800158 <pociskiB>
     ac2:	90 91 59 01 	lds	r25, 0x0159	; 0x800159 <pociskiB+0x1>
     ac6:	c8 23       	and	r28, r24
     ac8:	d9 23       	and	r29, r25
     aca:	cd 2b       	or	r28, r29
     acc:	29 f0       	breq	.+10     	; 0xad8 <LCD_ekran_odswiez+0xf6>
			LCD_zpB(znPocisk,i);
     ace:	61 2f       	mov	r22, r17
     ad0:	8d e3       	ldi	r24, 0x3D	; 61
     ad2:	0e 94 5c 01 	call	0x2b8	; 0x2b8 <LCD_zpB>
     ad6:	04 c0       	rjmp	.+8      	; 0xae0 <LCD_ekran_odswiez+0xfe>
			else
			LCD_zpB(znNic,i);
     ad8:	61 2f       	mov	r22, r17
     ada:	80 e2       	ldi	r24, 0x20	; 32
     adc:	0e 94 5c 01 	call	0x2b8	; 0x2b8 <LCD_zpB>
void LCD_ekran_odswiez()
{
	uint8_t megaA = 0;
	uint8_t megaB = 0;
	
	for (uint8_t i = 1; i < 16; i++)
     ae0:	1f 5f       	subi	r17, 0xFF	; 255
     ae2:	10 31       	cpi	r17, 0x10	; 16
     ae4:	08 f4       	brcc	.+2      	; 0xae8 <LCD_ekran_odswiez+0x106>
     ae6:	87 cf       	rjmp	.-242    	; 0x9f6 <LCD_ekran_odswiez+0x14>
			LCD_zpB(znPocisk,i);
			else
			LCD_zpB(znNic,i);
		}
	}
}
     ae8:	df 91       	pop	r29
     aea:	cf 91       	pop	r28
     aec:	1f 91       	pop	r17
     aee:	0f 91       	pop	r16
     af0:	ff 90       	pop	r15
     af2:	ef 90       	pop	r14
     af4:	08 95       	ret

00000af6 <seg7_wyswietl>:

void seg7_wyswietl()
{
     af6:	cf 93       	push	r28
     af8:	df 93       	push	r29
	static uint8_t i = 3;
	//wylacz poprzednie
	wybor |= (1<<i);
     afa:	28 b3       	in	r18, 0x18	; 24
     afc:	81 e0       	ldi	r24, 0x01	; 1
     afe:	90 e0       	ldi	r25, 0x00	; 0
     b00:	00 90 60 00 	lds	r0, 0x0060	; 0x800060 <__DATA_REGION_ORIGIN__>
     b04:	02 c0       	rjmp	.+4      	; 0xb0a <seg7_wyswietl+0x14>
     b06:	88 0f       	add	r24, r24
     b08:	99 1f       	adc	r25, r25
     b0a:	0a 94       	dec	r0
     b0c:	e2 f7       	brpl	.-8      	; 0xb06 <seg7_wyswietl+0x10>
     b0e:	82 2b       	or	r24, r18
     b10:	88 bb       	out	0x18, r24	; 24
	
	if(i++==6) i = 3;
     b12:	80 91 60 00 	lds	r24, 0x0060	; 0x800060 <__DATA_REGION_ORIGIN__>
     b16:	91 e0       	ldi	r25, 0x01	; 1
     b18:	98 0f       	add	r25, r24
     b1a:	90 93 60 00 	sts	0x0060, r25	; 0x800060 <__DATA_REGION_ORIGIN__>
     b1e:	86 30       	cpi	r24, 0x06	; 6
     b20:	19 f4       	brne	.+6      	; 0xb28 <seg7_wyswietl+0x32>
     b22:	83 e0       	ldi	r24, 0x03	; 3
     b24:	80 93 60 00 	sts	0x0060, r24	; 0x800060 <__DATA_REGION_ORIGIN__>
	dane[0] = zycie;
     b28:	ed e6       	ldi	r30, 0x6D	; 109
     b2a:	f0 e0       	ldi	r31, 0x00	; 0
     b2c:	80 91 71 00 	lds	r24, 0x0071	; 0x800071 <zycie>
     b30:	80 83       	st	Z, r24
	
	dane[3]=score%10;
     b32:	40 91 48 01 	lds	r20, 0x0148	; 0x800148 <score>
     b36:	50 91 49 01 	lds	r21, 0x0149	; 0x800149 <score+0x1>
     b3a:	9a 01       	movw	r18, r20
     b3c:	ad ec       	ldi	r26, 0xCD	; 205
     b3e:	bc ec       	ldi	r27, 0xCC	; 204
     b40:	0e 94 42 09 	call	0x1284	; 0x1284 <__umulhisi3>
     b44:	96 95       	lsr	r25
     b46:	87 95       	ror	r24
     b48:	96 95       	lsr	r25
     b4a:	87 95       	ror	r24
     b4c:	96 95       	lsr	r25
     b4e:	87 95       	ror	r24
     b50:	9c 01       	movw	r18, r24
     b52:	22 0f       	add	r18, r18
     b54:	33 1f       	adc	r19, r19
     b56:	88 0f       	add	r24, r24
     b58:	99 1f       	adc	r25, r25
     b5a:	88 0f       	add	r24, r24
     b5c:	99 1f       	adc	r25, r25
     b5e:	88 0f       	add	r24, r24
     b60:	99 1f       	adc	r25, r25
     b62:	82 0f       	add	r24, r18
     b64:	93 1f       	adc	r25, r19
     b66:	9a 01       	movw	r18, r20
     b68:	28 1b       	sub	r18, r24
     b6a:	39 0b       	sbc	r19, r25
     b6c:	23 83       	std	Z+3, r18	; 0x03
	dane[2]=(score/10)%10;
     b6e:	9a 01       	movw	r18, r20
     b70:	0e 94 42 09 	call	0x1284	; 0x1284 <__umulhisi3>
     b74:	ec 01       	movw	r28, r24
     b76:	d6 95       	lsr	r29
     b78:	c7 95       	ror	r28
     b7a:	d6 95       	lsr	r29
     b7c:	c7 95       	ror	r28
     b7e:	d6 95       	lsr	r29
     b80:	c7 95       	ror	r28
     b82:	9e 01       	movw	r18, r28
     b84:	0e 94 42 09 	call	0x1284	; 0x1284 <__umulhisi3>
     b88:	96 95       	lsr	r25
     b8a:	87 95       	ror	r24
     b8c:	96 95       	lsr	r25
     b8e:	87 95       	ror	r24
     b90:	96 95       	lsr	r25
     b92:	87 95       	ror	r24
     b94:	9c 01       	movw	r18, r24
     b96:	22 0f       	add	r18, r18
     b98:	33 1f       	adc	r19, r19
     b9a:	88 0f       	add	r24, r24
     b9c:	99 1f       	adc	r25, r25
     b9e:	88 0f       	add	r24, r24
     ba0:	99 1f       	adc	r25, r25
     ba2:	88 0f       	add	r24, r24
     ba4:	99 1f       	adc	r25, r25
     ba6:	82 0f       	add	r24, r18
     ba8:	93 1f       	adc	r25, r19
     baa:	9e 01       	movw	r18, r28
     bac:	28 1b       	sub	r18, r24
     bae:	39 0b       	sbc	r19, r25
     bb0:	22 83       	std	Z+2, r18	; 0x02
	dane[1]=(score/100)%10;
     bb2:	9a 01       	movw	r18, r20
     bb4:	36 95       	lsr	r19
     bb6:	27 95       	ror	r18
     bb8:	36 95       	lsr	r19
     bba:	27 95       	ror	r18
     bbc:	ab e7       	ldi	r26, 0x7B	; 123
     bbe:	b4 e1       	ldi	r27, 0x14	; 20
     bc0:	0e 94 42 09 	call	0x1284	; 0x1284 <__umulhisi3>
     bc4:	ac 01       	movw	r20, r24
     bc6:	56 95       	lsr	r21
     bc8:	47 95       	ror	r20
     bca:	9a 01       	movw	r18, r20
     bcc:	ad ec       	ldi	r26, 0xCD	; 205
     bce:	bc ec       	ldi	r27, 0xCC	; 204
     bd0:	0e 94 42 09 	call	0x1284	; 0x1284 <__umulhisi3>
     bd4:	96 95       	lsr	r25
     bd6:	87 95       	ror	r24
     bd8:	96 95       	lsr	r25
     bda:	87 95       	ror	r24
     bdc:	96 95       	lsr	r25
     bde:	87 95       	ror	r24
     be0:	9c 01       	movw	r18, r24
     be2:	22 0f       	add	r18, r18
     be4:	33 1f       	adc	r19, r19
     be6:	88 0f       	add	r24, r24
     be8:	99 1f       	adc	r25, r25
     bea:	88 0f       	add	r24, r24
     bec:	99 1f       	adc	r25, r25
     bee:	88 0f       	add	r24, r24
     bf0:	99 1f       	adc	r25, r25
     bf2:	82 0f       	add	r24, r18
     bf4:	93 1f       	adc	r25, r19
     bf6:	9a 01       	movw	r18, r20
     bf8:	28 1b       	sub	r18, r24
     bfa:	39 0b       	sbc	r19, r25
     bfc:	21 83       	std	Z+1, r18	; 0x01
	
	segmenty = seg7[dane[i-3]];
     bfe:	e0 91 60 00 	lds	r30, 0x0060	; 0x800060 <__DATA_REGION_ORIGIN__>
     c02:	f0 e0       	ldi	r31, 0x00	; 0
     c04:	e6 59       	subi	r30, 0x96	; 150
     c06:	ff 4f       	sbci	r31, 0xFF	; 255
     c08:	e0 81       	ld	r30, Z
     c0a:	f0 e0       	ldi	r31, 0x00	; 0
     c0c:	ed 59       	subi	r30, 0x9D	; 157
     c0e:	ff 4f       	sbci	r31, 0xFF	; 255
     c10:	80 81       	ld	r24, Z
     c12:	8b bb       	out	0x1b, r24	; 27
	
	//wlacz nowe
	wybor &= ~(1<<i);
     c14:	28 b3       	in	r18, 0x18	; 24
     c16:	81 e0       	ldi	r24, 0x01	; 1
     c18:	90 e0       	ldi	r25, 0x00	; 0
     c1a:	00 90 60 00 	lds	r0, 0x0060	; 0x800060 <__DATA_REGION_ORIGIN__>
     c1e:	02 c0       	rjmp	.+4      	; 0xc24 <seg7_wyswietl+0x12e>
     c20:	88 0f       	add	r24, r24
     c22:	99 1f       	adc	r25, r25
     c24:	0a 94       	dec	r0
     c26:	e2 f7       	brpl	.-8      	; 0xc20 <seg7_wyswietl+0x12a>
     c28:	80 95       	com	r24
     c2a:	82 23       	and	r24, r18
     c2c:	88 bb       	out	0x18, r24	; 24
}
     c2e:	df 91       	pop	r29
     c30:	cf 91       	pop	r28
     c32:	08 95       	ret

00000c34 <seg7_init>:

void seg7_init()
{
	wyborDDR |= (1<<3)|(1<<4)|(1<<5)|(1<<6);
     c34:	87 b3       	in	r24, 0x17	; 23
     c36:	88 67       	ori	r24, 0x78	; 120
     c38:	87 bb       	out	0x17, r24	; 23
	segmentyDDR |= 0xff;
     c3a:	8a b3       	in	r24, 0x1a	; 26
     c3c:	8f ef       	ldi	r24, 0xFF	; 255
     c3e:	8a bb       	out	0x1a, r24	; 26
     c40:	08 95       	ret

00000c42 <ustawienie_poczatkowe>:
}

void ustawienie_poczatkowe(){
	szybkosc_gry = 6000;
     c42:	80 e7       	ldi	r24, 0x70	; 112
     c44:	97 e1       	ldi	r25, 0x17	; 23
     c46:	90 93 73 00 	sts	0x0073, r25	; 0x800073 <szybkosc_gry+0x1>
     c4a:	80 93 72 00 	sts	0x0072, r24	; 0x800072 <szybkosc_gry>
	OCR1A = szybkosc_gry;
     c4e:	9b bd       	out	0x2b, r25	; 43
     c50:	8a bd       	out	0x2a, r24	; 42
	
	wrogowieA = 0;
	wrogowieB = 0;
	pociskiA = 0;
     c52:	10 92 5b 01 	sts	0x015B, r1	; 0x80015b <pociskiA+0x1>
     c56:	10 92 5a 01 	sts	0x015A, r1	; 0x80015a <pociskiA>
	pociskiB = 0;
     c5a:	10 92 59 01 	sts	0x0159, r1	; 0x800159 <pociskiB+0x1>
     c5e:	10 92 58 01 	sts	0x0158, r1	; 0x800158 <pociskiB>
	eliminacja = 0;
     c62:	10 92 57 01 	sts	0x0157, r1	; 0x800157 <eliminacja+0x1>
     c66:	10 92 56 01 	sts	0x0156, r1	; 0x800156 <eliminacja>
	wrogowiemegaA1 = 0;
     c6a:	10 92 55 01 	sts	0x0155, r1	; 0x800155 <wrogowiemegaA1+0x1>
     c6e:	10 92 54 01 	sts	0x0154, r1	; 0x800154 <wrogowiemegaA1>
	wrogowiemegaA2 = 0;
     c72:	10 92 53 01 	sts	0x0153, r1	; 0x800153 <wrogowiemegaA2+0x1>
     c76:	10 92 52 01 	sts	0x0152, r1	; 0x800152 <wrogowiemegaA2>
	wrogowiemegaB1 = 0;
     c7a:	10 92 51 01 	sts	0x0151, r1	; 0x800151 <wrogowiemegaB1+0x1>
     c7e:	10 92 50 01 	sts	0x0150, r1	; 0x800150 <wrogowiemegaB1>
	wrogowiemegaB2 = 0;
     c82:	10 92 4f 01 	sts	0x014F, r1	; 0x80014f <wrogowiemegaB2+0x1>
     c86:	10 92 4e 01 	sts	0x014E, r1	; 0x80014e <wrogowiemegaB2>
	
	//przykladowe rozlozenie
	//pociskiB = 1;
	wrogowieA = 1<<15;
     c8a:	80 e0       	ldi	r24, 0x00	; 0
     c8c:	90 e8       	ldi	r25, 0x80	; 128
     c8e:	90 93 5f 01 	sts	0x015F, r25	; 0x80015f <wrogowieA+0x1>
     c92:	80 93 5e 01 	sts	0x015E, r24	; 0x80015e <wrogowieA>
	//pociskiA  = 5;
	wrogowieB = 1<<15;
     c96:	90 93 5d 01 	sts	0x015D, r25	; 0x80015d <wrogowieB+0x1>
     c9a:	80 93 5c 01 	sts	0x015C, r24	; 0x80015c <wrogowieB>
	
	zycie = 9;
     c9e:	89 e0       	ldi	r24, 0x09	; 9
     ca0:	80 93 71 00 	sts	0x0071, r24	; 0x800071 <zycie>
	score = 0;
     ca4:	10 92 49 01 	sts	0x0149, r1	; 0x800149 <score+0x1>
     ca8:	10 92 48 01 	sts	0x0148, r1	; 0x800148 <score>
	
	pozycja = 0;
     cac:	10 92 4d 01 	sts	0x014D, r1	; 0x80014d <pozycja>
	strzel = 0;
     cb0:	10 92 4c 01 	sts	0x014C, r1	; 0x80014c <strzel>
	
	// pierwsza pozycja gracza
	LCD_zpA(znGracz,0);
     cb4:	60 e0       	ldi	r22, 0x00	; 0
     cb6:	80 e0       	ldi	r24, 0x00	; 0
     cb8:	0e 94 4b 01 	call	0x296	; 0x296 <LCD_zpA>
	LCD_zpB(znNic,0);
     cbc:	60 e0       	ldi	r22, 0x00	; 0
     cbe:	80 e2       	ldi	r24, 0x20	; 32
     cc0:	0e 94 5c 01 	call	0x2b8	; 0x2b8 <LCD_zpB>
     cc4:	08 95       	ret

00000cc6 <custom_znaki_init>:
}

void custom_znaki_init(){

lcd_custom_znak(0,nasz_statek);
     cc6:	66 e8       	ldi	r22, 0x86	; 134
     cc8:	70 e0       	ldi	r23, 0x00	; 0
     cca:	80 e0       	ldi	r24, 0x00	; 0
     ccc:	0e 94 fd 00 	call	0x1fa	; 0x1fa <lcd_custom_znak>
lcd_custom_znak(1,enemy);
     cd0:	6e e8       	ldi	r22, 0x8E	; 142
     cd2:	70 e0       	ldi	r23, 0x00	; 0
     cd4:	81 e0       	ldi	r24, 0x01	; 1
     cd6:	0e 94 fd 00 	call	0x1fa	; 0x1fa <lcd_custom_znak>
lcd_custom_znak(2,big_enem_front);
     cda:	6e e7       	ldi	r22, 0x7E	; 126
     cdc:	70 e0       	ldi	r23, 0x00	; 0
     cde:	82 e0       	ldi	r24, 0x02	; 2
     ce0:	0e 94 fd 00 	call	0x1fa	; 0x1fa <lcd_custom_znak>
lcd_custom_znak(3,big_enem_back);
     ce4:	66 e7       	ldi	r22, 0x76	; 118
     ce6:	70 e0       	ldi	r23, 0x00	; 0
     ce8:	83 e0       	ldi	r24, 0x03	; 3
     cea:	0e 94 fd 00 	call	0x1fa	; 0x1fa <lcd_custom_znak>
     cee:	08 95       	ret

00000cf0 <SFX_zajmij_sie>:
}

void SFX_zajmij_sie()
{
	switch(sfx_which)
     cf0:	80 91 41 01 	lds	r24, 0x0141	; 0x800141 <sfx_which>
     cf4:	82 30       	cpi	r24, 0x02	; 2
     cf6:	99 f0       	breq	.+38     	; 0xd1e <SFX_zajmij_sie+0x2e>
     cf8:	28 f4       	brcc	.+10     	; 0xd04 <SFX_zajmij_sie+0x14>
     cfa:	88 23       	and	r24, r24
     cfc:	41 f1       	breq	.+80     	; 0xd4e <SFX_zajmij_sie+0x5e>
     cfe:	81 30       	cpi	r24, 0x01	; 1
     d00:	31 f0       	breq	.+12     	; 0xd0e <SFX_zajmij_sie+0x1e>
     d02:	4f c0       	rjmp	.+158    	; 0xda2 <SFX_zajmij_sie+0xb2>
     d04:	83 30       	cpi	r24, 0x03	; 3
     d06:	99 f0       	breq	.+38     	; 0xd2e <SFX_zajmij_sie+0x3e>
     d08:	84 30       	cpi	r24, 0x04	; 4
     d0a:	c9 f0       	breq	.+50     	; 0xd3e <SFX_zajmij_sie+0x4e>
     d0c:	4a c0       	rjmp	.+148    	; 0xda2 <SFX_zajmij_sie+0xb2>
	{
		case sfxStrzal:
		play_sfx(100, 8000, -20); //tradycyjny
     d0e:	4c ee       	ldi	r20, 0xEC	; 236
     d10:	60 e4       	ldi	r22, 0x40	; 64
     d12:	7f e1       	ldi	r23, 0x1F	; 31
     d14:	84 e6       	ldi	r24, 0x64	; 100
     d16:	90 e0       	ldi	r25, 0x00	; 0
     d18:	0e 94 ce 00 	call	0x19c	; 0x19c <play_sfx>
		//play_sfx(40, 8000, -64); //basowy dziwny
		break;
     d1c:	42 c0       	rjmp	.+132    	; 0xda2 <SFX_zajmij_sie+0xb2>
		
		case sfxWrog:
		play_sfx(20, 860, 1);
     d1e:	41 e0       	ldi	r20, 0x01	; 1
     d20:	6c e5       	ldi	r22, 0x5C	; 92
     d22:	73 e0       	ldi	r23, 0x03	; 3
     d24:	84 e1       	ldi	r24, 0x14	; 20
     d26:	90 e0       	ldi	r25, 0x00	; 0
     d28:	0e 94 ce 00 	call	0x19c	; 0x19c <play_sfx>
		break;
     d2c:	3a c0       	rjmp	.+116    	; 0xda2 <SFX_zajmij_sie+0xb2>
		
		case sfxMega:
		play_sfx(100, 640, -4);
     d2e:	4c ef       	ldi	r20, 0xFC	; 252
     d30:	60 e8       	ldi	r22, 0x80	; 128
     d32:	72 e0       	ldi	r23, 0x02	; 2
     d34:	84 e6       	ldi	r24, 0x64	; 100
     d36:	90 e0       	ldi	r25, 0x00	; 0
     d38:	0e 94 ce 00 	call	0x19c	; 0x19c <play_sfx>
		break;
     d3c:	32 c0       	rjmp	.+100    	; 0xda2 <SFX_zajmij_sie+0xb2>
		
		case sfxZycie:
		play_sfx(100, 340, 0);
     d3e:	40 e0       	ldi	r20, 0x00	; 0
     d40:	64 e5       	ldi	r22, 0x54	; 84
     d42:	71 e0       	ldi	r23, 0x01	; 1
     d44:	84 e6       	ldi	r24, 0x64	; 100
     d46:	90 e0       	ldi	r25, 0x00	; 0
     d48:	0e 94 ce 00 	call	0x19c	; 0x19c <play_sfx>
		break;
     d4c:	2a c0       	rjmp	.+84     	; 0xda2 <SFX_zajmij_sie+0xb2>
		
		case 0:
		switch(cykl_255 % 4)
     d4e:	80 91 45 01 	lds	r24, 0x0145	; 0x800145 <cykl_255>
     d52:	83 70       	andi	r24, 0x03	; 3
     d54:	81 30       	cpi	r24, 0x01	; 1
     d56:	71 f0       	breq	.+28     	; 0xd74 <SFX_zajmij_sie+0x84>
     d58:	28 f0       	brcs	.+10     	; 0xd64 <SFX_zajmij_sie+0x74>
     d5a:	82 30       	cpi	r24, 0x02	; 2
     d5c:	99 f0       	breq	.+38     	; 0xd84 <SFX_zajmij_sie+0x94>
     d5e:	83 30       	cpi	r24, 0x03	; 3
     d60:	c9 f0       	breq	.+50     	; 0xd94 <SFX_zajmij_sie+0xa4>
     d62:	1f c0       	rjmp	.+62     	; 0xda2 <SFX_zajmij_sie+0xb2>
			//play_sfx(5,523,0);
			break;
			*/
			
			case 0:
			play_sfx(20,800,-32);
     d64:	40 ee       	ldi	r20, 0xE0	; 224
     d66:	60 e2       	ldi	r22, 0x20	; 32
     d68:	73 e0       	ldi	r23, 0x03	; 3
     d6a:	84 e1       	ldi	r24, 0x14	; 20
     d6c:	90 e0       	ldi	r25, 0x00	; 0
     d6e:	0e 94 ce 00 	call	0x19c	; 0x19c <play_sfx>
			break;
     d72:	17 c0       	rjmp	.+46     	; 0xda2 <SFX_zajmij_sie+0xb2>
			case 1:
			play_sfx(20,800,-32);
     d74:	40 ee       	ldi	r20, 0xE0	; 224
     d76:	60 e2       	ldi	r22, 0x20	; 32
     d78:	73 e0       	ldi	r23, 0x03	; 3
     d7a:	84 e1       	ldi	r24, 0x14	; 20
     d7c:	90 e0       	ldi	r25, 0x00	; 0
     d7e:	0e 94 ce 00 	call	0x19c	; 0x19c <play_sfx>
			break;
     d82:	0f c0       	rjmp	.+30     	; 0xda2 <SFX_zajmij_sie+0xb2>
			case 2:
			play_sfx(1,940,-5);
     d84:	4b ef       	ldi	r20, 0xFB	; 251
     d86:	6c ea       	ldi	r22, 0xAC	; 172
     d88:	73 e0       	ldi	r23, 0x03	; 3
     d8a:	81 e0       	ldi	r24, 0x01	; 1
     d8c:	90 e0       	ldi	r25, 0x00	; 0
     d8e:	0e 94 ce 00 	call	0x19c	; 0x19c <play_sfx>
			break;
     d92:	07 c0       	rjmp	.+14     	; 0xda2 <SFX_zajmij_sie+0xb2>
			case 3:
			play_sfx(20,240,10);
     d94:	4a e0       	ldi	r20, 0x0A	; 10
     d96:	60 ef       	ldi	r22, 0xF0	; 240
     d98:	70 e0       	ldi	r23, 0x00	; 0
     d9a:	84 e1       	ldi	r24, 0x14	; 20
     d9c:	90 e0       	ldi	r25, 0x00	; 0
     d9e:	0e 94 ce 00 	call	0x19c	; 0x19c <play_sfx>
			break;
			
		}
	}
	sfx_which = 0;
     da2:	10 92 41 01 	sts	0x0141, r1	; 0x800141 <sfx_which>
     da6:	08 95       	ret

00000da8 <main>:
}

int main(void)
{	
	ADC_init();
     da8:	0e 94 59 00 	call	0xb2	; 0xb2 <ADC_init>
	// seed dla randa
	pseudo_rand = entropia();
     dac:	0e 94 5e 00 	call	0xbc	; 0xbc <entropia>
     db0:	80 93 62 00 	sts	0x0062, r24	; 0x800062 <pseudo_rand>
	if (pseudo_rand == 0) pseudo_rand = 0x12; // nie moze byc 0
     db4:	81 11       	cpse	r24, r1
     db6:	03 c0       	rjmp	.+6      	; 0xdbe <main+0x16>
     db8:	82 e1       	ldi	r24, 0x12	; 18
     dba:	80 93 62 00 	sts	0x0062, r24	; 0x800062 <pseudo_rand>
	
	buzzer_init_software();
     dbe:	0e 94 75 00 	call	0xea	; 0xea <buzzer_init_software>
	Przyciski_init();
     dc2:	0e 94 bc 01 	call	0x378	; 0x378 <Przyciski_init>
	LCD_init();
     dc6:	0e 94 25 01 	call	0x24a	; 0x24a <LCD_init>
	T0_init();
     dca:	0e 94 b6 01 	call	0x36c	; 0x36c <T0_init>
	T1_init();
     dce:	0e 94 a9 01 	call	0x352	; 0x352 <T1_init>
	
	seg7_init();
     dd2:	0e 94 1a 06 	call	0xc34	; 0xc34 <seg7_init>
	custom_znaki_init();
     dd6:	0e 94 63 06 	call	0xcc6	; 0xcc6 <custom_znaki_init>
	
	//faza = 2;
	
	OCR1A = szybkosc_animacji;
     dda:	8a e2       	ldi	r24, 0x2A	; 42
     ddc:	96 e7       	ldi	r25, 0x76	; 118
     dde:	9b bd       	out	0x2b, r25	; 43
     de0:	8a bd       	out	0x2a, r24	; 42
	
    while (1) 
    {
		
		switch(faza) {
     de2:	80 91 47 01 	lds	r24, 0x0147	; 0x800147 <faza>
     de6:	81 30       	cpi	r24, 0x01	; 1
     de8:	09 f4       	brne	.+2      	; 0xdec <main+0x44>
     dea:	ac c0       	rjmp	.+344    	; 0xf44 <main+0x19c>
     dec:	20 f0       	brcs	.+8      	; 0xdf6 <main+0x4e>
     dee:	82 30       	cpi	r24, 0x02	; 2
     df0:	09 f4       	brne	.+2      	; 0xdf4 <main+0x4c>
     df2:	78 c1       	rjmp	.+752    	; 0x10e4 <main+0x33c>
     df4:	16 c2       	rjmp	.+1068   	; 0x1222 <main+0x47a>
		
		case  0: // MENU GLOWNE
			
			if (cykl == 1)
     df6:	80 91 4a 01 	lds	r24, 0x014A	; 0x80014a <cykl>
     dfa:	81 30       	cpi	r24, 0x01	; 1
     dfc:	09 f0       	breq	.+2      	; 0xe00 <main+0x58>
     dfe:	81 c0       	rjmp	.+258    	; 0xf02 <main+0x15a>
			{
				if(klatka++==3)klatka = 0;
     e00:	80 91 46 01 	lds	r24, 0x0146	; 0x800146 <klatka>
     e04:	91 e0       	ldi	r25, 0x01	; 1
     e06:	98 0f       	add	r25, r24
     e08:	90 93 46 01 	sts	0x0146, r25	; 0x800146 <klatka>
     e0c:	83 30       	cpi	r24, 0x03	; 3
     e0e:	11 f4       	brne	.+4      	; 0xe14 <main+0x6c>
     e10:	10 92 46 01 	sts	0x0146, r1	; 0x800146 <klatka>
				switch(klatka)
     e14:	80 91 46 01 	lds	r24, 0x0146	; 0x800146 <klatka>
     e18:	82 30       	cpi	r24, 0x02	; 2
     e1a:	59 f0       	breq	.+22     	; 0xe32 <main+0x8a>
     e1c:	28 f4       	brcc	.+10     	; 0xe28 <main+0x80>
     e1e:	88 23       	and	r24, r24
     e20:	41 f0       	breq	.+16     	; 0xe32 <main+0x8a>
     e22:	81 30       	cpi	r24, 0x01	; 1
     e24:	79 f0       	breq	.+30     	; 0xe44 <main+0x9c>
     e26:	1f c0       	rjmp	.+62     	; 0xe66 <main+0xbe>
     e28:	83 30       	cpi	r24, 0x03	; 3
     e2a:	61 f0       	breq	.+24     	; 0xe44 <main+0x9c>
     e2c:	84 30       	cpi	r24, 0x04	; 4
     e2e:	99 f0       	breq	.+38     	; 0xe56 <main+0xae>
     e30:	1a c0       	rjmp	.+52     	; 0xe66 <main+0xbe>
				{
					case 0:
					case 2:
						NapisA("  ^o o^  feline ");
     e32:	86 e9       	ldi	r24, 0x96	; 150
     e34:	90 e0       	ldi	r25, 0x00	; 0
     e36:	0e 94 6d 01 	call	0x2da	; 0x2da <NapisA>
						NapisB(" INVADERS  >w<  ");
     e3a:	87 ea       	ldi	r24, 0xA7	; 167
     e3c:	90 e0       	ldi	r25, 0x00	; 0
     e3e:	0e 94 8b 01 	call	0x316	; 0x316 <NapisB>
						break;
     e42:	11 c0       	rjmp	.+34     	; 0xe66 <main+0xbe>
					case 1:
					case 3:
						NapisA("  ^u u^  feline ");
     e44:	88 eb       	ldi	r24, 0xB8	; 184
     e46:	90 e0       	ldi	r25, 0x00	; 0
     e48:	0e 94 6d 01 	call	0x2da	; 0x2da <NapisA>
						NapisB(" INVADERS  owo  ");
     e4c:	89 ec       	ldi	r24, 0xC9	; 201
     e4e:	90 e0       	ldi	r25, 0x00	; 0
     e50:	0e 94 8b 01 	call	0x316	; 0x316 <NapisB>
						break;
     e54:	08 c0       	rjmp	.+16     	; 0xe66 <main+0xbe>
					case 4:
						NapisA(" Pressbutt> w <");
     e56:	8a ed       	ldi	r24, 0xDA	; 218
     e58:	90 e0       	ldi	r25, 0x00	; 0
     e5a:	0e 94 6d 01 	call	0x2da	; 0x2da <NapisA>
						NapisB(" ^o o^ to start");
     e5e:	8a ee       	ldi	r24, 0xEA	; 234
     e60:	90 e0       	ldi	r25, 0x00	; 0
     e62:	0e 94 8b 01 	call	0x316	; 0x316 <NapisB>
						break;
					
				}
				cykl_255++;
     e66:	e0 91 45 01 	lds	r30, 0x0145	; 0x800145 <cykl_255>
     e6a:	ef 5f       	subi	r30, 0xFF	; 255
     e6c:	e0 93 45 01 	sts	0x0145, r30	; 0x800145 <cykl_255>
				switch(cykl_255%8)
     e70:	e7 70       	andi	r30, 0x07	; 7
     e72:	8e 2f       	mov	r24, r30
     e74:	90 e0       	ldi	r25, 0x00	; 0
     e76:	fc 01       	movw	r30, r24
     e78:	e6 5d       	subi	r30, 0xD6	; 214
     e7a:	ff 4f       	sbci	r31, 0xFF	; 255
     e7c:	0c 94 3c 09 	jmp	0x1278	; 0x1278 <__tablejump2__>
				{
					case 0:
					play_sfx(90,440,-2);
     e80:	4e ef       	ldi	r20, 0xFE	; 254
     e82:	68 eb       	ldi	r22, 0xB8	; 184
     e84:	71 e0       	ldi	r23, 0x01	; 1
     e86:	8a e5       	ldi	r24, 0x5A	; 90
     e88:	90 e0       	ldi	r25, 0x00	; 0
     e8a:	0e 94 ce 00 	call	0x19c	; 0x19c <play_sfx>
					break;
     e8e:	37 c0       	rjmp	.+110    	; 0xefe <main+0x156>
					case 1:
					play_sfx(2,500,0); //hh
     e90:	40 e0       	ldi	r20, 0x00	; 0
     e92:	64 ef       	ldi	r22, 0xF4	; 244
     e94:	71 e0       	ldi	r23, 0x01	; 1
     e96:	82 e0       	ldi	r24, 0x02	; 2
     e98:	90 e0       	ldi	r25, 0x00	; 0
     e9a:	0e 94 ce 00 	call	0x19c	; 0x19c <play_sfx>
					break;
     e9e:	2f c0       	rjmp	.+94     	; 0xefe <main+0x156>
					case 2:
					play_sfx(450,440,0);
     ea0:	40 e0       	ldi	r20, 0x00	; 0
     ea2:	68 eb       	ldi	r22, 0xB8	; 184
     ea4:	71 e0       	ldi	r23, 0x01	; 1
     ea6:	82 ec       	ldi	r24, 0xC2	; 194
     ea8:	91 e0       	ldi	r25, 0x01	; 1
     eaa:	0e 94 ce 00 	call	0x19c	; 0x19c <play_sfx>
					break;
     eae:	27 c0       	rjmp	.+78     	; 0xefe <main+0x156>
					case 3:
					play_sfx(350,659,1);
     eb0:	41 e0       	ldi	r20, 0x01	; 1
     eb2:	63 e9       	ldi	r22, 0x93	; 147
     eb4:	72 e0       	ldi	r23, 0x02	; 2
     eb6:	8e e5       	ldi	r24, 0x5E	; 94
     eb8:	91 e0       	ldi	r25, 0x01	; 1
     eba:	0e 94 ce 00 	call	0x19c	; 0x19c <play_sfx>
					break;
     ebe:	1f c0       	rjmp	.+62     	; 0xefe <main+0x156>
					case 4:
					play_sfx(20,554,0); //hh?
     ec0:	40 e0       	ldi	r20, 0x00	; 0
     ec2:	6a e2       	ldi	r22, 0x2A	; 42
     ec4:	72 e0       	ldi	r23, 0x02	; 2
     ec6:	84 e1       	ldi	r24, 0x14	; 20
     ec8:	90 e0       	ldi	r25, 0x00	; 0
     eca:	0e 94 ce 00 	call	0x19c	; 0x19c <play_sfx>
					break;
     ece:	17 c0       	rjmp	.+46     	; 0xefe <main+0x156>
					
					case 5:
					play_sfx(2,500,0); //hh
     ed0:	40 e0       	ldi	r20, 0x00	; 0
     ed2:	64 ef       	ldi	r22, 0xF4	; 244
     ed4:	71 e0       	ldi	r23, 0x01	; 1
     ed6:	82 e0       	ldi	r24, 0x02	; 2
     ed8:	90 e0       	ldi	r25, 0x00	; 0
     eda:	0e 94 ce 00 	call	0x19c	; 0x19c <play_sfx>
					break;
     ede:	0f c0       	rjmp	.+30     	; 0xefe <main+0x156>
					case 6:
					play_sfx(60,400,3); //hh
     ee0:	43 e0       	ldi	r20, 0x03	; 3
     ee2:	60 e9       	ldi	r22, 0x90	; 144
     ee4:	71 e0       	ldi	r23, 0x01	; 1
     ee6:	8c e3       	ldi	r24, 0x3C	; 60
     ee8:	90 e0       	ldi	r25, 0x00	; 0
     eea:	0e 94 ce 00 	call	0x19c	; 0x19c <play_sfx>
					break;
     eee:	07 c0       	rjmp	.+14     	; 0xefe <main+0x156>
					case 7:
					play_sfx(2,500,0); //hh
     ef0:	40 e0       	ldi	r20, 0x00	; 0
     ef2:	64 ef       	ldi	r22, 0xF4	; 244
     ef4:	71 e0       	ldi	r23, 0x01	; 1
     ef6:	82 e0       	ldi	r24, 0x02	; 2
     ef8:	90 e0       	ldi	r25, 0x00	; 0
     efa:	0e 94 ce 00 	call	0x19c	; 0x19c <play_sfx>
					break;
				}
				cykl = 0;
     efe:	10 92 4a 01 	sts	0x014A, r1	; 0x80014a <cykl>
			}
		
		
			if (zmlewoprawo == 2){
     f02:	80 91 61 01 	lds	r24, 0x0161	; 0x800161 <zmlewoprawo>
     f06:	82 30       	cpi	r24, 0x02	; 2
     f08:	71 f4       	brne	.+28     	; 0xf26 <main+0x17e>
				faza = 1;
     f0a:	81 e0       	ldi	r24, 0x01	; 1
     f0c:	80 93 47 01 	sts	0x0147, r24	; 0x800147 <faza>
				while (cykl == 0);
     f10:	80 91 4a 01 	lds	r24, 0x014A	; 0x80014a <cykl>
     f14:	88 23       	and	r24, r24
     f16:	e1 f3       	breq	.-8      	; 0xf10 <main+0x168>
				cykl = 0;
     f18:	10 92 4a 01 	sts	0x014A, r1	; 0x80014a <cykl>
				
				ustawienie_poczatkowe();
     f1c:	0e 94 21 06 	call	0xc42	; 0xc42 <ustawienie_poczatkowe>
				
				zmlewoprawo = 3;
     f20:	83 e0       	ldi	r24, 0x03	; 3
     f22:	80 93 61 01 	sts	0x0161, r24	; 0x800161 <zmlewoprawo>
			}
			
			if (zmstrzel == 2){
     f26:	80 91 60 01 	lds	r24, 0x0160	; 0x800160 <zmstrzel>
     f2a:	82 30       	cpi	r24, 0x02	; 2
     f2c:	19 f4       	brne	.+6      	; 0xf34 <main+0x18c>
				zmstrzel = 3;
     f2e:	83 e0       	ldi	r24, 0x03	; 3
     f30:	80 93 60 01 	sts	0x0160, r24	; 0x800160 <zmstrzel>
			}
			if (zmstrzel == 5){
     f34:	80 91 60 01 	lds	r24, 0x0160	; 0x800160 <zmstrzel>
     f38:	85 30       	cpi	r24, 0x05	; 5
     f3a:	09 f0       	breq	.+2      	; 0xf3e <main+0x196>
     f3c:	72 c1       	rjmp	.+740    	; 0x1222 <main+0x47a>
				zmstrzel = 0;
     f3e:	10 92 60 01 	sts	0x0160, r1	; 0x800160 <zmstrzel>
     f42:	6f c1       	rjmp	.+734    	; 0x1222 <main+0x47a>
			
			break;
			
		case 1: // GRA (KUXWA)
			//T1 cykl
			if(cykl == 1){
     f44:	80 91 4a 01 	lds	r24, 0x014A	; 0x80014a <cykl>
     f48:	81 30       	cpi	r24, 0x01	; 1
     f4a:	09 f0       	breq	.+2      	; 0xf4e <main+0x1a6>
     f4c:	6d c0       	rjmp	.+218    	; 0x1028 <main+0x280>
				ruch();
     f4e:	0e 94 46 03 	call	0x68c	; 0x68c <ruch>
				LCD_ekran_odswiez();
     f52:	0e 94 f1 04 	call	0x9e2	; 0x9e2 <LCD_ekran_odswiez>
				SFX_zajmij_sie();
     f56:	0e 94 78 06 	call	0xcf0	; 0xcf0 <SFX_zajmij_sie>
		
				// co 255 nowy rand seed
				if(cykl_255++==0xff)
     f5a:	80 91 45 01 	lds	r24, 0x0145	; 0x800145 <cykl_255>
     f5e:	91 e0       	ldi	r25, 0x01	; 1
     f60:	98 0f       	add	r25, r24
     f62:	90 93 45 01 	sts	0x0145, r25	; 0x800145 <cykl_255>
     f66:	8f 3f       	cpi	r24, 0xFF	; 255
     f68:	61 f4       	brne	.+24     	; 0xf82 <main+0x1da>
				{
					pseudo_rand ^= entropia(); //XOR
     f6a:	0e 94 5e 00 	call	0xbc	; 0xbc <entropia>
     f6e:	90 91 62 00 	lds	r25, 0x0062	; 0x800062 <pseudo_rand>
     f72:	89 27       	eor	r24, r25
     f74:	80 93 62 00 	sts	0x0062, r24	; 0x800062 <pseudo_rand>
					if (pseudo_rand == 0) pseudo_rand = 0xA5; // nie moze byc 0
     f78:	81 11       	cpse	r24, r1
     f7a:	03 c0       	rjmp	.+6      	; 0xf82 <main+0x1da>
     f7c:	85 ea       	ldi	r24, 0xA5	; 165
     f7e:	80 93 62 00 	sts	0x0062, r24	; 0x800062 <pseudo_rand>
				}
		
				if(szybkosc_gry > 12000) szybkosc_gry -= przyspieszanie*2;
     f82:	80 91 72 00 	lds	r24, 0x0072	; 0x800072 <szybkosc_gry>
     f86:	90 91 73 00 	lds	r25, 0x0073	; 0x800073 <szybkosc_gry+0x1>
     f8a:	81 3e       	cpi	r24, 0xE1	; 225
     f8c:	2e e2       	ldi	r18, 0x2E	; 46
     f8e:	92 07       	cpc	r25, r18
     f90:	38 f0       	brcs	.+14     	; 0xfa0 <main+0x1f8>
     f92:	80 54       	subi	r24, 0x40	; 64
     f94:	91 09       	sbc	r25, r1
     f96:	90 93 73 00 	sts	0x0073, r25	; 0x800073 <szybkosc_gry+0x1>
     f9a:	80 93 72 00 	sts	0x0072, r24	; 0x800072 <szybkosc_gry>
     f9e:	31 c0       	rjmp	.+98     	; 0x1002 <main+0x25a>
				else if(szybkosc_gry > 10000) szybkosc_gry -= przyspieszanie;
     fa0:	81 31       	cpi	r24, 0x11	; 17
     fa2:	27 e2       	ldi	r18, 0x27	; 39
     fa4:	92 07       	cpc	r25, r18
     fa6:	30 f0       	brcs	.+12     	; 0xfb4 <main+0x20c>
     fa8:	80 97       	sbiw	r24, 0x20	; 32
     faa:	90 93 73 00 	sts	0x0073, r25	; 0x800073 <szybkosc_gry+0x1>
     fae:	80 93 72 00 	sts	0x0072, r24	; 0x800072 <szybkosc_gry>
     fb2:	27 c0       	rjmp	.+78     	; 0x1002 <main+0x25a>
				else if(szybkosc_gry > 90000) szybkosc_gry -= przyspieszanie/2;
				else if(szybkosc_gry > 8000) szybkosc_gry -= przyspieszanie/4;
     fb4:	81 34       	cpi	r24, 0x41	; 65
     fb6:	2f e1       	ldi	r18, 0x1F	; 31
     fb8:	92 07       	cpc	r25, r18
     fba:	30 f0       	brcs	.+12     	; 0xfc8 <main+0x220>
     fbc:	08 97       	sbiw	r24, 0x08	; 8
     fbe:	90 93 73 00 	sts	0x0073, r25	; 0x800073 <szybkosc_gry+0x1>
     fc2:	80 93 72 00 	sts	0x0072, r24	; 0x800072 <szybkosc_gry>
     fc6:	1d c0       	rjmp	.+58     	; 0x1002 <main+0x25a>
				else if(szybkosc_gry > 6000) szybkosc_gry -= przyspieszanie/8;
     fc8:	81 37       	cpi	r24, 0x71	; 113
     fca:	27 e1       	ldi	r18, 0x17	; 23
     fcc:	92 07       	cpc	r25, r18
     fce:	30 f0       	brcs	.+12     	; 0xfdc <main+0x234>
     fd0:	04 97       	sbiw	r24, 0x04	; 4
     fd2:	90 93 73 00 	sts	0x0073, r25	; 0x800073 <szybkosc_gry+0x1>
     fd6:	80 93 72 00 	sts	0x0072, r24	; 0x800072 <szybkosc_gry>
     fda:	13 c0       	rjmp	.+38     	; 0x1002 <main+0x25a>
				else if(szybkosc_gry > 4000) szybkosc_gry -= przyspieszanie/16;
     fdc:	81 3a       	cpi	r24, 0xA1	; 161
     fde:	2f e0       	ldi	r18, 0x0F	; 15
     fe0:	92 07       	cpc	r25, r18
     fe2:	30 f0       	brcs	.+12     	; 0xff0 <main+0x248>
     fe4:	02 97       	sbiw	r24, 0x02	; 2
     fe6:	90 93 73 00 	sts	0x0073, r25	; 0x800073 <szybkosc_gry+0x1>
     fea:	80 93 72 00 	sts	0x0072, r24	; 0x800072 <szybkosc_gry>
     fee:	09 c0       	rjmp	.+18     	; 0x1002 <main+0x25a>
				else if(szybkosc_gry > 2000) szybkosc_gry -= przyspieszanie/32;
     ff0:	81 3d       	cpi	r24, 0xD1	; 209
     ff2:	27 e0       	ldi	r18, 0x07	; 7
     ff4:	92 07       	cpc	r25, r18
     ff6:	28 f0       	brcs	.+10     	; 0x1002 <main+0x25a>
     ff8:	01 97       	sbiw	r24, 0x01	; 1
     ffa:	90 93 73 00 	sts	0x0073, r25	; 0x800073 <szybkosc_gry+0x1>
     ffe:	80 93 72 00 	sts	0x0072, r24	; 0x800072 <szybkosc_gry>
				OCR1A = szybkosc_gry;
    1002:	80 91 72 00 	lds	r24, 0x0072	; 0x800072 <szybkosc_gry>
    1006:	90 91 73 00 	lds	r25, 0x0073	; 0x800073 <szybkosc_gry+0x1>
    100a:	9b bd       	out	0x2b, r25	; 43
    100c:	8a bd       	out	0x2a, r24	; 42
		
				if (zycie == 0)
    100e:	80 91 71 00 	lds	r24, 0x0071	; 0x800071 <zycie>
    1012:	81 11       	cpse	r24, r1
    1014:	07 c0       	rjmp	.+14     	; 0x1024 <main+0x27c>
				{
					OCR1A = szybkosc_animacji;
    1016:	8a e2       	ldi	r24, 0x2A	; 42
    1018:	96 e7       	ldi	r25, 0x76	; 118
    101a:	9b bd       	out	0x2b, r25	; 43
    101c:	8a bd       	out	0x2a, r24	; 42
					faza = 2;
    101e:	82 e0       	ldi	r24, 0x02	; 2
    1020:	80 93 47 01 	sts	0x0147, r24	; 0x800147 <faza>
				}
		
				cykl = 0;
    1024:	10 92 4a 01 	sts	0x014A, r1	; 0x80014a <cykl>
			}
		
			//przycisk lewo prawo
			if(zmlewoprawo == 2){
    1028:	80 91 61 01 	lds	r24, 0x0161	; 0x800161 <zmlewoprawo>
    102c:	82 30       	cpi	r24, 0x02	; 2
    102e:	01 f5       	brne	.+64     	; 0x1070 <main+0x2c8>
			switch(pozycja){
    1030:	80 91 4d 01 	lds	r24, 0x014D	; 0x80014d <pozycja>
    1034:	88 23       	and	r24, r24
    1036:	19 f0       	breq	.+6      	; 0x103e <main+0x296>
    1038:	81 30       	cpi	r24, 0x01	; 1
    103a:	69 f0       	breq	.+26     	; 0x1056 <main+0x2ae>
    103c:	16 c0       	rjmp	.+44     	; 0x106a <main+0x2c2>
				case 0: pozycja = 1;
    103e:	81 e0       	ldi	r24, 0x01	; 1
    1040:	80 93 4d 01 	sts	0x014D, r24	; 0x80014d <pozycja>
						LCD_zpA(znNic,0);
    1044:	60 e0       	ldi	r22, 0x00	; 0
    1046:	80 e2       	ldi	r24, 0x20	; 32
    1048:	0e 94 4b 01 	call	0x296	; 0x296 <LCD_zpA>
						LCD_zpB(znGracz,0);
    104c:	60 e0       	ldi	r22, 0x00	; 0
    104e:	80 e0       	ldi	r24, 0x00	; 0
    1050:	0e 94 5c 01 	call	0x2b8	; 0x2b8 <LCD_zpB>
						break;
    1054:	0a c0       	rjmp	.+20     	; 0x106a <main+0x2c2>
				case 1: pozycja = 0;
    1056:	10 92 4d 01 	sts	0x014D, r1	; 0x80014d <pozycja>
						LCD_zpA(znGracz,0);
    105a:	60 e0       	ldi	r22, 0x00	; 0
    105c:	80 e0       	ldi	r24, 0x00	; 0
    105e:	0e 94 4b 01 	call	0x296	; 0x296 <LCD_zpA>
						LCD_zpB(znNic,0);
    1062:	60 e0       	ldi	r22, 0x00	; 0
    1064:	80 e2       	ldi	r24, 0x20	; 32
    1066:	0e 94 5c 01 	call	0x2b8	; 0x2b8 <LCD_zpB>
						break;
			}
			zmlewoprawo = 3;	
    106a:	83 e0       	ldi	r24, 0x03	; 3
    106c:	80 93 61 01 	sts	0x0161, r24	; 0x800161 <zmlewoprawo>
			}
		
			//przycisk strzel
			if (zmstrzel == 2) //start
    1070:	80 91 60 01 	lds	r24, 0x0160	; 0x800160 <zmstrzel>
    1074:	82 30       	cpi	r24, 0x02	; 2
    1076:	71 f5       	brne	.+92     	; 0x10d4 <main+0x32c>
			{
				sfx_which = sfxStrzal;
    1078:	81 e0       	ldi	r24, 0x01	; 1
    107a:	80 93 41 01 	sts	0x0141, r24	; 0x800141 <sfx_which>
				SFX_zajmij_sie();
    107e:	0e 94 78 06 	call	0xcf0	; 0xcf0 <SFX_zajmij_sie>
				
				switch (pozycja) //pierwszy strzal
    1082:	80 91 4d 01 	lds	r24, 0x014D	; 0x80014d <pozycja>
    1086:	88 23       	and	r24, r24
    1088:	19 f0       	breq	.+6      	; 0x1090 <main+0x2e8>
    108a:	81 30       	cpi	r24, 0x01	; 1
    108c:	79 f0       	breq	.+30     	; 0x10ac <main+0x304>
    108e:	1b c0       	rjmp	.+54     	; 0x10c6 <main+0x31e>
				{
					case 0: pociskiA |= 2;
    1090:	80 91 5a 01 	lds	r24, 0x015A	; 0x80015a <pociskiA>
    1094:	90 91 5b 01 	lds	r25, 0x015B	; 0x80015b <pociskiA+0x1>
    1098:	82 60       	ori	r24, 0x02	; 2
    109a:	90 93 5b 01 	sts	0x015B, r25	; 0x80015b <pociskiA+0x1>
    109e:	80 93 5a 01 	sts	0x015A, r24	; 0x80015a <pociskiA>
							LCD_zpA(znPocisk,1);
    10a2:	61 e0       	ldi	r22, 0x01	; 1
    10a4:	8d e3       	ldi	r24, 0x3D	; 61
    10a6:	0e 94 4b 01 	call	0x296	; 0x296 <LCD_zpA>
							break;
    10aa:	0d c0       	rjmp	.+26     	; 0x10c6 <main+0x31e>
					case 1: pociskiB |= 2;
    10ac:	80 91 58 01 	lds	r24, 0x0158	; 0x800158 <pociskiB>
    10b0:	90 91 59 01 	lds	r25, 0x0159	; 0x800159 <pociskiB+0x1>
    10b4:	82 60       	ori	r24, 0x02	; 2
    10b6:	90 93 59 01 	sts	0x0159, r25	; 0x800159 <pociskiB+0x1>
    10ba:	80 93 58 01 	sts	0x0158, r24	; 0x800158 <pociskiB>
							LCD_zpB(znPocisk,1);
    10be:	61 e0       	ldi	r22, 0x01	; 1
    10c0:	8d e3       	ldi	r24, 0x3D	; 61
    10c2:	0e 94 5c 01 	call	0x2b8	; 0x2b8 <LCD_zpB>
							break;
				}
			
				strzel = 1;
    10c6:	81 e0       	ldi	r24, 0x01	; 1
    10c8:	80 93 4c 01 	sts	0x014C, r24	; 0x80014c <strzel>
				zmstrzel = 3;
    10cc:	83 e0       	ldi	r24, 0x03	; 3
    10ce:	80 93 60 01 	sts	0x0160, r24	; 0x800160 <zmstrzel>
    10d2:	a7 c0       	rjmp	.+334    	; 0x1222 <main+0x47a>
			} else //koniec strzelania
			if (zmstrzel == 5)
    10d4:	85 30       	cpi	r24, 0x05	; 5
    10d6:	09 f0       	breq	.+2      	; 0x10da <main+0x332>
    10d8:	a4 c0       	rjmp	.+328    	; 0x1222 <main+0x47a>
			{
				strzel = 0;
    10da:	10 92 4c 01 	sts	0x014C, r1	; 0x80014c <strzel>
				zmstrzel = 0;
    10de:	10 92 60 01 	sts	0x0160, r1	; 0x800160 <zmstrzel>
    10e2:	9f c0       	rjmp	.+318    	; 0x1222 <main+0x47a>
			}
			break;
		
		case 2: // GAME OVER
			if (cykl == 1)
    10e4:	80 91 4a 01 	lds	r24, 0x014A	; 0x80014a <cykl>
    10e8:	81 30       	cpi	r24, 0x01	; 1
    10ea:	09 f0       	breq	.+2      	; 0x10ee <main+0x346>
    10ec:	84 c0       	rjmp	.+264    	; 0x11f6 <main+0x44e>
			{
				cykl_255++;
    10ee:	80 91 45 01 	lds	r24, 0x0145	; 0x800145 <cykl_255>
    10f2:	8f 5f       	subi	r24, 0xFF	; 255
    10f4:	80 93 45 01 	sts	0x0145, r24	; 0x800145 <cykl_255>
				if(klatka++==3)klatka = 0;
    10f8:	80 91 46 01 	lds	r24, 0x0146	; 0x800146 <klatka>
    10fc:	91 e0       	ldi	r25, 0x01	; 1
    10fe:	98 0f       	add	r25, r24
    1100:	90 93 46 01 	sts	0x0146, r25	; 0x800146 <klatka>
    1104:	83 30       	cpi	r24, 0x03	; 3
    1106:	11 f4       	brne	.+4      	; 0x110c <main+0x364>
    1108:	10 92 46 01 	sts	0x0146, r1	; 0x800146 <klatka>
				switch(klatka)
    110c:	80 91 46 01 	lds	r24, 0x0146	; 0x800146 <klatka>
    1110:	82 30       	cpi	r24, 0x02	; 2
    1112:	59 f0       	breq	.+22     	; 0x112a <main+0x382>
    1114:	28 f4       	brcc	.+10     	; 0x1120 <main+0x378>
    1116:	88 23       	and	r24, r24
    1118:	41 f0       	breq	.+16     	; 0x112a <main+0x382>
    111a:	81 30       	cpi	r24, 0x01	; 1
    111c:	79 f0       	breq	.+30     	; 0x113c <main+0x394>
    111e:	1f c0       	rjmp	.+62     	; 0x115e <main+0x3b6>
    1120:	83 30       	cpi	r24, 0x03	; 3
    1122:	61 f0       	breq	.+24     	; 0x113c <main+0x394>
    1124:	84 30       	cpi	r24, 0x04	; 4
    1126:	99 f0       	breq	.+38     	; 0x114e <main+0x3a6>
    1128:	1a c0       	rjmp	.+52     	; 0x115e <main+0x3b6>
				{
					case 0:
					case 2:
					NapisA("  ^o o^   game  ");
    112a:	8a ef       	ldi	r24, 0xFA	; 250
    112c:	90 e0       	ldi	r25, 0x00	; 0
    112e:	0e 94 6d 01 	call	0x2da	; 0x2da <NapisA>
					NapisB("   OVER    >w<  ");
    1132:	8b e0       	ldi	r24, 0x0B	; 11
    1134:	91 e0       	ldi	r25, 0x01	; 1
    1136:	0e 94 8b 01 	call	0x316	; 0x316 <NapisB>
					break;
    113a:	11 c0       	rjmp	.+34     	; 0x115e <main+0x3b6>
					case 1:
					case 3:
					NapisA("  ^u u^   GAME  ");
    113c:	8c e1       	ldi	r24, 0x1C	; 28
    113e:	91 e0       	ldi	r25, 0x01	; 1
    1140:	0e 94 6d 01 	call	0x2da	; 0x2da <NapisA>
					NapisB("   over    owo  ");
    1144:	8d e2       	ldi	r24, 0x2D	; 45
    1146:	91 e0       	ldi	r25, 0x01	; 1
    1148:	0e 94 8b 01 	call	0x316	; 0x316 <NapisB>
					break;
    114c:	08 c0       	rjmp	.+16     	; 0x115e <main+0x3b6>
					case 4:
					NapisA(" Pressbutt> w <");
    114e:	8a ed       	ldi	r24, 0xDA	; 218
    1150:	90 e0       	ldi	r25, 0x00	; 0
    1152:	0e 94 6d 01 	call	0x2da	; 0x2da <NapisA>
					NapisB(" ^o o^ to start");
    1156:	8a ee       	ldi	r24, 0xEA	; 234
    1158:	90 e0       	ldi	r25, 0x00	; 0
    115a:	0e 94 8b 01 	call	0x316	; 0x316 <NapisB>
					break;
					
				}
				switch(cykl_255%8)
    115e:	80 91 45 01 	lds	r24, 0x0145	; 0x800145 <cykl_255>
    1162:	e8 2f       	mov	r30, r24
    1164:	e7 70       	andi	r30, 0x07	; 7
    1166:	8e 2f       	mov	r24, r30
    1168:	90 e0       	ldi	r25, 0x00	; 0
    116a:	fc 01       	movw	r30, r24
    116c:	ee 5c       	subi	r30, 0xCE	; 206
    116e:	ff 4f       	sbci	r31, 0xFF	; 255
    1170:	0c 94 3c 09 	jmp	0x1278	; 0x1278 <__tablejump2__>
				{
					case 0:
					play_sfx(90,440,2);
    1174:	42 e0       	ldi	r20, 0x02	; 2
    1176:	68 eb       	ldi	r22, 0xB8	; 184
    1178:	71 e0       	ldi	r23, 0x01	; 1
    117a:	8a e5       	ldi	r24, 0x5A	; 90
    117c:	90 e0       	ldi	r25, 0x00	; 0
    117e:	0e 94 ce 00 	call	0x19c	; 0x19c <play_sfx>
					break;
    1182:	37 c0       	rjmp	.+110    	; 0x11f2 <main+0x44a>
					case 1:
					play_sfx(2,500,0); //hh
    1184:	40 e0       	ldi	r20, 0x00	; 0
    1186:	64 ef       	ldi	r22, 0xF4	; 244
    1188:	71 e0       	ldi	r23, 0x01	; 1
    118a:	82 e0       	ldi	r24, 0x02	; 2
    118c:	90 e0       	ldi	r25, 0x00	; 0
    118e:	0e 94 ce 00 	call	0x19c	; 0x19c <play_sfx>
					break;
    1192:	2f c0       	rjmp	.+94     	; 0x11f2 <main+0x44a>
					case 2:
					play_sfx(850,392,0);
    1194:	40 e0       	ldi	r20, 0x00	; 0
    1196:	68 e8       	ldi	r22, 0x88	; 136
    1198:	71 e0       	ldi	r23, 0x01	; 1
    119a:	82 e5       	ldi	r24, 0x52	; 82
    119c:	93 e0       	ldi	r25, 0x03	; 3
    119e:	0e 94 ce 00 	call	0x19c	; 0x19c <play_sfx>
					break;
    11a2:	27 c0       	rjmp	.+78     	; 0x11f2 <main+0x44a>
					case 3:
					play_sfx(850,587,0);
    11a4:	40 e0       	ldi	r20, 0x00	; 0
    11a6:	6b e4       	ldi	r22, 0x4B	; 75
    11a8:	72 e0       	ldi	r23, 0x02	; 2
    11aa:	82 e5       	ldi	r24, 0x52	; 82
    11ac:	93 e0       	ldi	r25, 0x03	; 3
    11ae:	0e 94 ce 00 	call	0x19c	; 0x19c <play_sfx>
					break;
    11b2:	1f c0       	rjmp	.+62     	; 0x11f2 <main+0x44a>
					case 4:
					play_sfx(20,523,0);
    11b4:	40 e0       	ldi	r20, 0x00	; 0
    11b6:	6b e0       	ldi	r22, 0x0B	; 11
    11b8:	72 e0       	ldi	r23, 0x02	; 2
    11ba:	84 e1       	ldi	r24, 0x14	; 20
    11bc:	90 e0       	ldi	r25, 0x00	; 0
    11be:	0e 94 ce 00 	call	0x19c	; 0x19c <play_sfx>
					break;
    11c2:	17 c0       	rjmp	.+46     	; 0x11f2 <main+0x44a>
					
					case 5:
					play_sfx(2,500,0); //hh
    11c4:	40 e0       	ldi	r20, 0x00	; 0
    11c6:	64 ef       	ldi	r22, 0xF4	; 244
    11c8:	71 e0       	ldi	r23, 0x01	; 1
    11ca:	82 e0       	ldi	r24, 0x02	; 2
    11cc:	90 e0       	ldi	r25, 0x00	; 0
    11ce:	0e 94 ce 00 	call	0x19c	; 0x19c <play_sfx>
					break;
    11d2:	0f c0       	rjmp	.+30     	; 0x11f2 <main+0x44a>
					case 6:
					play_sfx(2,500,0); //hh
    11d4:	40 e0       	ldi	r20, 0x00	; 0
    11d6:	64 ef       	ldi	r22, 0xF4	; 244
    11d8:	71 e0       	ldi	r23, 0x01	; 1
    11da:	82 e0       	ldi	r24, 0x02	; 2
    11dc:	90 e0       	ldi	r25, 0x00	; 0
    11de:	0e 94 ce 00 	call	0x19c	; 0x19c <play_sfx>
					break;
    11e2:	07 c0       	rjmp	.+14     	; 0x11f2 <main+0x44a>
					case 7:
					play_sfx(2,500,0); //hh
    11e4:	40 e0       	ldi	r20, 0x00	; 0
    11e6:	64 ef       	ldi	r22, 0xF4	; 244
    11e8:	71 e0       	ldi	r23, 0x01	; 1
    11ea:	82 e0       	ldi	r24, 0x02	; 2
    11ec:	90 e0       	ldi	r25, 0x00	; 0
    11ee:	0e 94 ce 00 	call	0x19c	; 0x19c <play_sfx>
					break;
				}
				cykl = 0;
    11f2:	10 92 4a 01 	sts	0x014A, r1	; 0x80014a <cykl>
			}
			
			
			if (zmlewoprawo == 2){
    11f6:	80 91 61 01 	lds	r24, 0x0161	; 0x800161 <zmlewoprawo>
    11fa:	82 30       	cpi	r24, 0x02	; 2
    11fc:	29 f4       	brne	.+10     	; 0x1208 <main+0x460>
				faza = 0;
    11fe:	10 92 47 01 	sts	0x0147, r1	; 0x800147 <faza>
				zmlewoprawo = 3;
    1202:	83 e0       	ldi	r24, 0x03	; 3
    1204:	80 93 61 01 	sts	0x0161, r24	; 0x800161 <zmlewoprawo>
			}
			
			if (zmstrzel == 2){
    1208:	80 91 60 01 	lds	r24, 0x0160	; 0x800160 <zmstrzel>
    120c:	82 30       	cpi	r24, 0x02	; 2
    120e:	19 f4       	brne	.+6      	; 0x1216 <main+0x46e>
				zmstrzel = 3;
    1210:	83 e0       	ldi	r24, 0x03	; 3
    1212:	80 93 60 01 	sts	0x0160, r24	; 0x800160 <zmstrzel>
			}
			if (zmstrzel == 5){
    1216:	80 91 60 01 	lds	r24, 0x0160	; 0x800160 <zmstrzel>
    121a:	85 30       	cpi	r24, 0x05	; 5
    121c:	11 f4       	brne	.+4      	; 0x1222 <main+0x47a>
				zmstrzel = 0;
    121e:	10 92 60 01 	sts	0x0160, r1	; 0x800160 <zmstrzel>
			break;
		
		}
		
		//T0 sprawdz przyciski i wyswietl seg7
		if (sprawdzprz == 1)
    1222:	80 91 4b 01 	lds	r24, 0x014B	; 0x80014b <sprawdzprz>
    1226:	81 30       	cpi	r24, 0x01	; 1
    1228:	09 f0       	breq	.+2      	; 0x122c <main+0x484>
    122a:	db cd       	rjmp	.-1098   	; 0xde2 <main+0x3a>
		{
			sprawdz_przyciski();
    122c:	0e 94 e1 01 	call	0x3c2	; 0x3c2 <sprawdz_przyciski>
			
			seg7_wyswietl();
    1230:	0e 94 7b 05 	call	0xaf6	; 0xaf6 <seg7_wyswietl>
			
			sprawdzprz = 0;
    1234:	10 92 4b 01 	sts	0x014B, r1	; 0x80014b <sprawdzprz>
    1238:	d4 cd       	rjmp	.-1112   	; 0xde2 <main+0x3a>

0000123a <__divmodsi4>:
    123a:	05 2e       	mov	r0, r21
    123c:	97 fb       	bst	r25, 7
    123e:	1e f4       	brtc	.+6      	; 0x1246 <__divmodsi4+0xc>
    1240:	00 94       	com	r0
    1242:	0e 94 34 09 	call	0x1268	; 0x1268 <__negsi2>
    1246:	57 fd       	sbrc	r21, 7
    1248:	07 d0       	rcall	.+14     	; 0x1258 <__divmodsi4_neg2>
    124a:	0e 94 51 09 	call	0x12a2	; 0x12a2 <__udivmodsi4>
    124e:	07 fc       	sbrc	r0, 7
    1250:	03 d0       	rcall	.+6      	; 0x1258 <__divmodsi4_neg2>
    1252:	4e f4       	brtc	.+18     	; 0x1266 <__divmodsi4_exit>
    1254:	0c 94 34 09 	jmp	0x1268	; 0x1268 <__negsi2>

00001258 <__divmodsi4_neg2>:
    1258:	50 95       	com	r21
    125a:	40 95       	com	r20
    125c:	30 95       	com	r19
    125e:	21 95       	neg	r18
    1260:	3f 4f       	sbci	r19, 0xFF	; 255
    1262:	4f 4f       	sbci	r20, 0xFF	; 255
    1264:	5f 4f       	sbci	r21, 0xFF	; 255

00001266 <__divmodsi4_exit>:
    1266:	08 95       	ret

00001268 <__negsi2>:
    1268:	90 95       	com	r25
    126a:	80 95       	com	r24
    126c:	70 95       	com	r23
    126e:	61 95       	neg	r22
    1270:	7f 4f       	sbci	r23, 0xFF	; 255
    1272:	8f 4f       	sbci	r24, 0xFF	; 255
    1274:	9f 4f       	sbci	r25, 0xFF	; 255
    1276:	08 95       	ret

00001278 <__tablejump2__>:
    1278:	ee 0f       	add	r30, r30
    127a:	ff 1f       	adc	r31, r31
    127c:	05 90       	lpm	r0, Z+
    127e:	f4 91       	lpm	r31, Z
    1280:	e0 2d       	mov	r30, r0
    1282:	09 94       	ijmp

00001284 <__umulhisi3>:
    1284:	a2 9f       	mul	r26, r18
    1286:	b0 01       	movw	r22, r0
    1288:	b3 9f       	mul	r27, r19
    128a:	c0 01       	movw	r24, r0
    128c:	a3 9f       	mul	r26, r19
    128e:	70 0d       	add	r23, r0
    1290:	81 1d       	adc	r24, r1
    1292:	11 24       	eor	r1, r1
    1294:	91 1d       	adc	r25, r1
    1296:	b2 9f       	mul	r27, r18
    1298:	70 0d       	add	r23, r0
    129a:	81 1d       	adc	r24, r1
    129c:	11 24       	eor	r1, r1
    129e:	91 1d       	adc	r25, r1
    12a0:	08 95       	ret

000012a2 <__udivmodsi4>:
    12a2:	a1 e2       	ldi	r26, 0x21	; 33
    12a4:	1a 2e       	mov	r1, r26
    12a6:	aa 1b       	sub	r26, r26
    12a8:	bb 1b       	sub	r27, r27
    12aa:	fd 01       	movw	r30, r26
    12ac:	0d c0       	rjmp	.+26     	; 0x12c8 <__udivmodsi4_ep>

000012ae <__udivmodsi4_loop>:
    12ae:	aa 1f       	adc	r26, r26
    12b0:	bb 1f       	adc	r27, r27
    12b2:	ee 1f       	adc	r30, r30
    12b4:	ff 1f       	adc	r31, r31
    12b6:	a2 17       	cp	r26, r18
    12b8:	b3 07       	cpc	r27, r19
    12ba:	e4 07       	cpc	r30, r20
    12bc:	f5 07       	cpc	r31, r21
    12be:	20 f0       	brcs	.+8      	; 0x12c8 <__udivmodsi4_ep>
    12c0:	a2 1b       	sub	r26, r18
    12c2:	b3 0b       	sbc	r27, r19
    12c4:	e4 0b       	sbc	r30, r20
    12c6:	f5 0b       	sbc	r31, r21

000012c8 <__udivmodsi4_ep>:
    12c8:	66 1f       	adc	r22, r22
    12ca:	77 1f       	adc	r23, r23
    12cc:	88 1f       	adc	r24, r24
    12ce:	99 1f       	adc	r25, r25
    12d0:	1a 94       	dec	r1
    12d2:	69 f7       	brne	.-38     	; 0x12ae <__udivmodsi4_loop>
    12d4:	60 95       	com	r22
    12d6:	70 95       	com	r23
    12d8:	80 95       	com	r24
    12da:	90 95       	com	r25
    12dc:	9b 01       	movw	r18, r22
    12de:	ac 01       	movw	r20, r24
    12e0:	bd 01       	movw	r22, r26
    12e2:	cf 01       	movw	r24, r30
    12e4:	08 95       	ret

000012e6 <_exit>:
    12e6:	f8 94       	cli

000012e8 <__stop_program>:
    12e8:	ff cf       	rjmp	.-2      	; 0x12e8 <__stop_program>
